container_id,box_number,category_group,category_item,quantity,condition
2025_5,1,Bedding,Pillows,4.0,Used
2025_5,2,Bedding,Blankets/Comforters,2.0,Used
2025_5,3,Bedding,Pillows,4.0,Used
2025_5,4,Bedding,Blankets/Comforters,4.0,Used
2025_5,5,Bedding,Bed Sheets,13.0,Used
2025_5,6,Western,Men And Boys Shirts,60.0,New
2025_5,7,Western,Men And Boys Shirts,61.0,New
2025_5,8,Western,Men And Boys Shoes,15.0,Used
2025_5,9,Western,Men And Boys Shirts,81.0,New
2025_5,10,Western,Men And Boys Shirts,79.0,New
2025_5,11,Bedding,Curtains,11.0,New
2025_5,12,Western,Men Shirts,60.0,New
2025_5,13,Bedding,Bed Sheets,10.0,Used
2025_5,14,Bedding,Bed Sheets,10.0,Used
2025_5,15,Bedding,Bed Sheets,9.0,Used
2025_5,16,Western,Men Shirts,67.0,New
2025_5,17,Western,Men And Boys Shirts,89.0,New
2025_5,18,Bedding,Pillows,6.0,Used
2025_5,19,Western,Men And Boys Shirts,75.0,New
2025_5,20,Bedding,Curtains,13.0,New
2025_5,21,Bedding,Bed Sheets,11.0,Used
2025_5,22,Western,Men And Boys Shirts,61.0,New
2025_5,23,Bedding,Bed Sheets,17.0,Used
2025_5,24,Bedding,Bed Sheets,10.0,Used
2025_5,25,Bedding,Bed Sheets,20.0,New
2025_5,26,Bedding,Blankets/Comforters,3.0,New
2025_5,27,Bedding,Pillows,3.0,New
2025_5,27,Bedding,Pillowcase,23.0,New
2025_5,28,Bedding,Blankets/Comforters,3.0,New
2025_5,29,Bedding,Bed Sheets,18.0,New
2025_5,30,Bedding,Bed Sheets,16.0,New
2025_5,31,Bedding,Pillows,11.0,New
2025_5,31,Bedding,Pillowcase,12.0,New
2025_5,32,Bedding,Pillows,9.0,New
2025_5,33,Bedding,Blankets/Comforters,2.0,New
2025_5,34,Bedding,Bed Sheets,23.0,New
2025_5,35,Bedding,Pillows,9.0,New
2025_5,36,Bedding,Pillows,8.0,New
2025_5,36,Bedding,Pillowcase,10.0,New
2025_5,37,Bedding,Pillows,6.0,New
2025_5,38,Bedding,Blankets/Comforters,3.0,New
2025_5,39,Bedding,Pillows,9.0,New
2025_5,39,Bedding,Pillowcase,6.0,New
2025_5,40,Bedding,Pillows,5.0,New
2025_5,40,Bedding,Pillowcase,59.0,New
2025_5,41,Bedding,Bed Sheets,25.0,New
2025_5,42,Bedding,Blankets/Comforters,3.0,New
2025_5,43,Bedding,Pillows,7.0,New
2025_5,43,Bedding,Pillowcase,11.0,New
2025_5,44,Bedding,Pillows,9.0,New
2025_5,45,Bedding,Blankets/Comforters,3.0,New
2025_5,46,Bedding,Blankets/Comforters,5.0,New
2025_5,47,Bedding,Blankets/Comforters,2.0,New
2025_5,48,Bedding,Blankets/Comforters,4.0,New
2025_5,49,Bedding,Bed Sheets,22.0,New
2025_5,50,Bedding,Blankets/Comforters,8.0,New
2025_5,51,Bedding,Bed Sheets,22.0,New
2025_5,52,Western,Men And Boys Shirts,65.0,New
2025_5,53,Western,Men And Boys Shirts,60.0,New
2025_5,54,Western,Men And Boys Shirts,60.0,New
2025_5,55,Western,Men And Boys Shirts,64.0,New
2025_5,56,Western,Men And Boys Shirts,62.0,New
2025_5,57,Western,Men And Boys Shirts,80.0,New
2025_5,58,Bedding,Pillows,10.0,New
2025_5,59,Bedding,Pillows,9.0,New
2025_5,60,Bedding,Pillows,5.0,New
2025_5,61,Bedding,Blankets/Comforters,1.0,New
2025_5,62,Bedding,Blankets/Comforters,2.0,New
2025_5,63,Bedding,Blankets/Comforters,4.0,New
2025_5,64,Bedding,Blankets/Comforters,9.0,New
2025_5,65,Western,Men And Boys Shirts,65.0,New
2025_5,66,Bedding,Blankets/Comforters,3.0,New
2025_5,67,Bedding,Towels,94.0,New
2025_5,68,Western,Men And Boys Shirts,61.0,New
2025_5,69,Western,Men And Boys Shirts,60.0,New
2025_5,70,Bedding,Blankets/Comforters,2.0,New
2025_5,71,Bedding,Bed Sheets,22.0,New
2025_5,72,Bedding,Pillows,6.0,New
2025_5,72,Bedding,Pillowcase,18.0,New
2025_5,73,Bedding,Pillows,9.0,New
2025_5,73,Bedding,Pillowcase,7.0,New
2025_5,74,Bedding,Blankets/Comforters,3.0,New
2025_5,75,Bedding,Bed Sheets,21.0,New
2025_5,76,Bedding,Pillows,4.0,New
2025_5,77,Bedding,Pillows,6.0,New
2025_5,78,Asian,Women 3Pc Set,25.0,Used
2025_5,79,Bedding,Blankets/Comforters,3.0,New
2025_5,80,Bedding,Pillows,7.0,New
2025_5,81,Bedding,Blankets/Comforters,4.0,New
2025_5,82,Bedding,Bed Sheets,25.0,New
2025_5,83,Bedding,Bed Sheets,21.0,New
2025_5,84,Bedding,Pillows,6.0,New
2025_5,85,Bedding,Pillows,5.0,New
2025_5,86,Bedding,Pillows,6.0,New
2025_5,86,Bedding,Pillowcase,2.0,New
2025_5,87,Bedding,Pillows,3.0,New
2025_5,88,Bedding,Blankets/Comforters,2.0,New
2025_5,89,Bedding,Pillows,9.0,New
2025_5,90,Bedding,Pillows,8.0,New
2025_5,91,Bedding,Bed Sheets,27.0,New
2025_5,92,Bedding,Bed Sheets,12.0,New
2025_5,93,Bedding,Pillows,23.0,New
2025_5,93,Bedding,Pillowcase,9.0,New
2025_5,94,Bedding,Bed Sheets,12.0,New
2025_5,95,Bedding,Blankets/Comforters,2.0,New
2025_5,96,Bedding,Pillows,4.0,New
2025_5,97,Bedding,Blankets/Comforters,2.0,New
2025_5,98,Bedding,Pillows,7.0,New
2025_5,98,Bedding,Bed Sheets,14.0,New
2025_5,99,Bedding,Blankets/Comforters,2.0,New
2025_5,100,Bedding,Bed Sheets,20.0,New
2025_5,101,Bedding,Pillows,7.0,New
2025_5,102,Bedding,Bed Sheets,16.0,New
2025_5,103,Bedding,Pillows,7.0,New
2025_5,103,Bedding,Pillowcase,7.0,New
2025_5,104,Bedding,Bed Sheets,18.0,New
2025_5,105,Bedding,Blankets/Comforters,3.0,New
2025_5,106,Bedding,Pillows,9.0,New
2025_5,106,Bedding,Pillowcase,5.0,New
2025_5,107,Bedding,Blankets/Comforters,2.0,New
2025_5,108,Bedding,Blankets/Comforters,2.0,New
2025_5,109,Bedding,Blankets/Comforters,2.0,New
2025_5,110,Bedding,Pillows,4.0,New
2025_5,111,Bedding,Blankets/Comforters,2.0,New
2025_5,112,Bedding,Blankets/Comforters,2.0,New
2025_5,113,Bedding,Blankets/Comforters,2.0,New
2025_5,114,Bedding,Pillows,5.0,New
2025_5,114,Bedding,Pillowcase,10.0,New
2025_5,115,Bedding,Pillows,7.0,New
2025_5,116,Bedding,Pillows,11.0,New
2025_5,116,Bedding,Pillowcase,12.0,New
2025_5,117,Bedding,Bed Sheets,29.0,New
2025_5,118,Bedding,Blankets/Comforters,3.0,New
2025_5,119,Bedding,Blankets/Comforters,2.0,New
2025_5,120,Bedding,Pillows,6.0,New
2025_5,121,Bedding,Blankets/Comforters,3.0,New
2025_5,122,Bedding,Pillows,9.0,New
2025_5,122,Bedding,Pillowcase,9.0,New
2025_5,123,Bedding,Bed Sheets,27.0,New
2025_5,124,Bedding,Bed Sheets,19.0,New
2025_5,125,Bedding,Bed Sheets,26.0,New
2025_5,126,Bedding,Pillows,8.0,New
2025_5,127,Bedding,Pillows,6.0,New
2025_5,127,Bedding,Pillowcase,19.0,New
2025_5,128,Bedding,Bed Sheets,13.0,New
2025_5,129,Bedding,Pillows,7.0,New
2025_5,130,Bedding,Pillows,6.0,New
2025_5,131,Bedding,Blankets/Comforters,4.0,New
2025_5,132,Bedding,Pillows,10.0,New
2025_5,132,Bedding,Pillowcase,30.0,New
2025_5,133,Bedding,Bed Sheets,30.0,New
2025_5,134,Bedding,Blankets/Comforters,3.0,New
2025_5,135,Bedding,Curtains,22.0,New
2025_5,136,Bedding,Bed Sheets,17.0,New
2025_5,137,Bedding,Bed Sheets,11.0,New
2025_5,138,Bedding,Pillows,8.0,New
2025_5,139,Bedding,Blankets/Comforters,2.0,New
2025_5,140,Western,Men And Boys Shirts,65.0,New
2025_5,141,Bedding,Towels,120.0,New
2025_5,142,Bedding,Towels,108.0,New
2025_5,143,Bedding,Towels,111.0,New
2025_5,144,Bedding,Towels,108.0,New
2025_5,145,Western,Men And Boys Shirts,60.0,New
2025_5,146,Western,Men And Boys Shirts,60.0,New
2025_5,147,Bedding,Towels,96.0,New
2025_5,148,Bedding,Bed Sheets,19.0,New
2025_5,149,Bedding,Pillows,13.0,New
2025_5,149,Bedding,Pillowcase,1.0,New
2025_5,150,Bedding,Blankets/Comforters,2.0,New
2025_5,151,Bedding,Pillows,3.0,New
2025_5,152,Western,Men And Boys Shirts,65.0,New
2025_5,153,Bedding,Bed Sheets,20.0,New
2025_5,154,Bedding,Towels,120.0,New
2025_5,155,Western,Men And Boys Shirts,60.0,New
2025_5,156,Bedding,Towels,108.0,New
2025_5,157,Bedding,Towels,120.0,New
2025_5,158,Bedding,Towels,120.0,New
2025_5,159,Bedding,Towels,120.0,New
2025_5,160,Bedding,Blankets/Comforters,3.0,New
2025_5,161,Bedding,Blankets/Comforters,2.0,New
2025_5,162,Bedding,Bed Sheets,13.0,New
2025_5,163,Bedding,Pillows,4.0,New
2025_5,164,Bedding,Blankets/Comforters,3.0,New
2025_5,165,Bedding,Bed Sheets,13.0,New
2025_5,166,Bedding,Curtains,17.0,New
2025_5,167,Bedding,Pillows,7.0,New
2025_5,167,Bedding,Pillowcase,1.0,New
2025_5,168,Bedding,Blankets/Comforters,3.0,New
2025_5,169,Bedding,Bed Sheets,15.0,New
2025_5,170,Bedding,Bed Sheets,17.0,New
2025_5,171,Bedding,Bed Sheets,11.0,New
2025_5,172,Bedding,Bed Sheets,14.0,New
2025_5,173,Bedding,Blankets/Comforters,2.0,New
2025_5,174,Bedding,Curtains,13.0,New
2025_5,175,Bedding,Pillows,3.0,New
2025_5,175,Bedding,Pillowcase,12.0,New
2025_5,176,Bedding,Blankets/Comforters,2.0,New
2025_5,177,Bedding,Blankets/Comforters,3.0,New
2025_5,178,Bedding,Blankets/Comforters,2.0,New
2025_5,179,Bedding,Bed Sheets,13.0,New
2025_5,180,Bedding,Blankets/Comforters,3.0,New
2025_5,181,Bedding,Pillows,6.0,New
2025_5,181,Bedding,Pillowcase,14.0,New
2025_5,182,Bedding,Pillows,3.0,New
2025_5,182,Bedding,Pillowcase,6.0,New
2025_5,183,Bedding,Blankets/Comforters,4.0,New
2025_5,184,Bedding,Pillows,6.0,New
2025_5,184,Bedding,Pillowcase,2.0,New
2025_5,185,Hygiene,Adult Diapers,6.0,New
2025_5,186,Bedding,Bed Sheets,12.0,New
2025_5,187,Hygiene,Adult Diapers,6.0,New
2025_5,188,Hygiene,Adult Diapers,6.0,New
2025_5,189,Hygiene,Adult Diapers,6.0,New
2025_5,190,Hygiene,Adult Diapers,6.0,New
2025_5,191,Hygiene,Adult Diapers,6.0,New
2025_5,192,Hygiene,Adult Diapers,6.0,New
2025_5,193,Hygiene,Adult Diapers,6.0,New
2025_5,194,Hygiene,Adult Diapers,6.0,New
2025_5,195,Bedding,Pillows,7.0,New
2025_5,195,Bedding,Pillowcase,1.0,New
2025_5,196,Bedding,Blankets/Comforters,2.0,New
2025_5,197,Bedding,Pillows,6.0,New
2025_5,198,Hygiene,Adult Diapers,6.0,New
2025_5,199,Hygiene,Adult Diapers,6.0,New
2025_5,200,Hygiene,Adult Diapers,6.0,New
2025_5,201,Hygiene,Adult Diapers,6.0,New
2025_5,202,Hygiene,Adult Diapers,6.0,New
2025_5,203,Hygiene,Adult Diapers,6.0,New
2025_5,204,Hygiene,Adult Diapers,6.0,New
2025_5,205,Hygiene,Adult Diapers,6.0,New
2025_5,206,Hygiene,Adult Diapers,6.0,New
2025_5,207,Hygiene,Adult Diapers,6.0,New
2025_5,208,Bedding,Bed Sheets,22.0,New
2025_5,209,Western,Men Sweaters,23.0,New
2025_5,210,Bedding,Bed Sheets,5.0,New
2025_5,211,Bedding,Pillows,8.0,New
2025_5,212,Bedding,Pillows,10.0,New
2025_5,213,Bedding,Bed Sheets,20.0,New
2025_5,214,Bedding,Blankets/Comforters,2.0,New
2025_5,215,Bedding,Blankets/Comforters,2.0,New
2025_5,216,Bedding,Pillows,6.0,New
2025_5,217,Bedding,Pillows,5.0,New
2025_5,218,Bedding,Pillows,8.0,New
2025_5,219,Bedding,Pillowcase,106.0,New
2025_5,220,Bedding,Bed Sheets,20.0,New
2025_5,221,Bedding,Blankets/Comforters,2.0,New
2025_5,222,Bedding,Blankets/Comforters,2.0,New
2025_5,223,Bedding,Bed Sheets,30.0,New
2025_5,224,Bedding,Blankets/Comforters,1.0,New
2025_5,225,Bedding,Pillows,7.0,New
2025_5,226,Bedding,Bed Sheets,24.0,New
2025_5,227,Bedding,Pillows,4.0,New
2025_5,228,Bedding,Blankets/Comforters,3.0,New
2025_5,229,Bedding,Bed Sheets,23.0,New
2025_5,230,Bedding,Pillowcase,97.0,New
2025_5,231,Bedding,Blankets/Comforters,3.0,Used
2025_5,232,Bedding,Pillows,4.0,New
2025_5,232,Bedding,Pillowcase,13.0,New
2025_5,233,Bedding,Curtains,8.0,New
2025_5,234,Bedding,Blankets/Comforters,2.0,New
2025_5,235,Bedding,Blankets/Comforters,2.0,New
2025_5,236,Bedding,Bed Sheets,13.0,New
2025_5,237,Bedding,Bed Sheets,12.0,New
2025_5,238,Bedding,Pillows,8.0,New
2025_5,239,Bedding,Blankets/Comforters,3.0,New
2025_5,240,Bedding,Blankets/Comforters,4.0,New
2025_5,241,Bedding,Blankets/Comforters,3.0,New
2025_5,242,Bedding,Bed Sheets,21.0,New
2025_5,243,Bedding,Blankets/Comforters,2.0,New
2025_5,244,Bedding,Bed Sheets,30.0,New
2025_5,245,Bedding,Blankets/Comforters,2.0,New
2025_5,246,Bedding,Blankets/Comforters,2.0,New
2025_5,247,Bedding,Pillows,7.0,New
2025_5,247,Bedding,Pillowcase,3.0,New
2025_5,248,Bedding,Pillows,6.0,New
2025_5,249,Bedding,Bed Sheets,15.0,New
2025_5,250,Bedding,Pillows,8.0,New
2025_5,250,Bedding,Pillowcase,12.0,New
2025_5,251,Bedding,Pillows,2.0,New
2025_5,251,Bedding,Pillowcase,34.0,New
2025_5,252,Bedding,Bed Sheets,22.0,New
2025_5,253,Bedding,Pillows,2.0,New
2025_5,253,Bedding,Pillowcase,11.0,New
2025_5,254,Bedding,Blankets/Comforters,2.0,New
2025_5,255,Bedding,Bed Sheets,16.0,New
2025_5,256,Bedding,Blankets/Comforters,3.0,New
2025_5,257,Bedding,Blankets/Comforters,3.0,New
2025_5,258,Bedding,Bed Sheets,20.0,New
2025_5,259,Bedding,Bed Sheets,29.0,New
2025_5,260,Bedding,Blankets/Comforters,2.0,New
2025_5,261,Bedding,Pillows,5.0,New
2025_5,261,Bedding,Pillowcase,6.0,New
2025_5,262,Bedding,Bed Sheets,12.0,New
2025_5,263,Bedding,Blankets/Comforters,2.0,New
2025_5,264,Bedding,Blankets/Comforters,2.0,New
2025_5,265,Bedding,Blankets/Comforters,2.0,New
2025_5,266,Bedding,Pillows,6.0,New
2025_5,267,Bedding,Blankets/Comforters,3.0,New
2025_5,268,Bedding,Blankets/Comforters,2.0,New
2025_5,269,Bedding,Pillows,9.0,New
2025_5,269,Bedding,Pillowcase,2.0,New
2025_5,270,Bedding,Blankets/Comforters,2.0,New
2025_5,271,Bedding,Blankets/Comforters,4.0,New
2025_5,272,Bedding,Bed Sheets,11.0,New
2025_5,273,Bedding,Curtains,11.0,New
2025_5,274,Bedding,Bed Sheets,13.0,New
2025_5,275,Bedding,Blankets/Comforters,2.0,New
2025_5,276,Bedding,Blankets/Comforters,2.0,New
2025_5,277,Bedding,Blankets/Comforters,2.0,New
2025_5,278,Bedding,Pillows,8.0,New
2025_5,279,Bedding,Pillows,6.0,New
2025_5,280,Bedding,Bed Sheets,12.0,New
2025_5,281,Bedding,Blankets/Comforters,3.0,Used
2025_5,282,Bedding,Blankets/Comforters,2.0,New
2025_5,283,Bedding,Bed Sheets,13.0,New
2025_5,284,Bedding,Blankets/Comforters,1.0,New
2025_5,285,Bedding,Pillows,6.0,New
2025_5,286,Bedding,Blankets/Comforters,2.0,New
2025_5,287,Bedding,Pillows,8.0,New
2025_5,288,Bedding,Bed Sheets,9.0,New
2025_5,289,Bedding,Pillows,5.0,New
2025_5,290,Bedding,Pillows,5.0,New
2025_5,291,Bedding,Bed Sheets,9.0,New
2025_5,292,Bedding,Blankets/Comforters,2.0,New
2025_5,293,Bedding,Blankets/Comforters,1.0,New
2025_5,294,Bedding,Pillows,8.0,New
2025_5,295,Bedding,Bed Sheets,16.0,New
2025_5,296,Bedding,Bed Sheets,17.0,New
2025_5,297,Bedding,Bed Sheets,22.0,New
2025_5,298,Bedding,Pillows,6.0,New
2025_5,299,Bedding,Pillows,6.0,New
2025_5,300,Bedding,Pillows,7.0,New
2025_5,301,Bedding,Bed Sheets,11.0,New
2025_5,302,Bedding,Bed Sheets,4.0,New
2025_5,303,Bedding,Bed Sheets,11.0,New
2025_5,304,Bedding,Pillows,7.0,New
2025_5,305,Bedding,Bed Sheets,10.0,New
2025_5,306,Bedding,Pillows,13.0,New
2025_5,307,Bedding,Bed Sheets,12.0,New
2025_5,308,Bedding,Blankets/Comforters,2.0,New
2025_5,309,Bedding,Curtains,11.0,New
2025_5,310,Bedding,Bed Sheets,15.0,New
2025_5,311,Bedding,Blankets/Comforters,3.0,New
2025_5,312,Bedding,Bed Sheets,7.0,New
2025_5,313,Western,Women Dresses,35.0,Used
2025_5,314,Asian,Women Pants,84.0,Used
2025_5,315,Bedding,Pillows,4.0,New
2025_5,315,Bedding,Pillowcase,9.0,New
2025_5,316,Western,Men Sweaters,25.0,New
2025_5,317,Asian,Women Scarves,105.0,Used
2025_5,318,Western,Men Shirts,104.0,Used
2025_5,319,Western,Women Pants,60.0,Used
2025_5,320,Children,Babies Under 3,130.0,Used
2025_5,321,Western,Women Jackets,24.0,Used
2025_5,322,Western,Men Pants,76.0,Used
2025_5,323,Western,Men Shoes,23.0,Used
2025_5,324,Western,Women Shirts,60.0,Used
2025_5,325,Asian,Women 2Pc Set,30.0,Used
2025_5,326,Asian,Women Shirts,62.0,Used
2025_5,327,Bedding,Blankets/Comforters,3.0,New
2025_5,328,Toys,Toys,17.0,Used
2025_5,329,Western,Men Pants,68.0,Used
2025_5,330,Asian,Women Shirts,60.0,Used
2025_5,331,Children,Babies Under 3,105.0,Used
2025_5,332,Asian,Women 2Pc Set,30.0,Used
2025_5,333,Bedding,Blankets/Comforters,3.0,New
2025_5,334,Asian,Women Scarves,98.0,Used
2025_5,335,Asian,Women Shirts,60.0,Used
2025_5,336,Asian,Women Shirts,60.0,Used
2025_5,337,Asian,Women 3Pc Set,22.0,Used
2025_5,338,Western,Women Shirts,67.0,Used
2025_5,339,Western,Men Jackets,20.0,Used
2025_5,340,Bedding,Bed Sheets,16.0,New
2025_5,341,Western,Men Pants,41.0,Used
2025_5,342,Asian,Women Scarves,72.0,Used
2025_5,343,Western,Men Shoes,16.0,Used
2025_5,344,Western,Women Shoes,29.0,Used
2025_5,345,Western,Men Shoes,23.0,Used
2025_5,346,Asian,Women 3Pc Set,31.0,Used
2025_5,347,Household,Hangers,150.0,New
2025_5,348,Western,Men Pants,46.0,Used
2025_5,349,Asian,Women 2Pc Set,32.0,Used
2025_5,350,Western,Women Pants,54.0,Used
2025_5,351,Accessories,Backpacks,34.0,Used
2025_5,352,Western,Men Jackets,18.0,Used
2025_5,353,Toys,Toys,9.0,Used
2025_5,354,Western,Men Shoes,31.0,Used
2025_5,355,Western,Women Jackets,40.0,Used
2025_5,356,Bedding,Curtains,24.0,New
2025_5,357,Western,Men Pants,42.0,Used
2025_5,358,Western,Women Shirts,62.0,Used
2025_5,359,Western,Men Pants,66.0,Used
2025_5,360,Bedding,Pillows,4.0,New
2025_5,360,Bedding,Pillowcase,21.0,New
2025_5,361,Bedding,Towels,28.0,New
2025_5,362,Bedding,Pillows,2.0,New
2025_5,362,Bedding,Pillowcase,91.0,New
2025_5,363,Asian,Women Scarves,76.0,Used
2025_5,364,Bedding,Bed Sheets,25.0,New
2025_5,365,Bedding,Pillows,8.0,New
2025_5,365,Bedding,Pillowcase,16.0,New
2025_5,366,Western,Women Shirts,60.0,New
2025_5,367,Western,Men Shirts,60.0,New
2025_5,368,Bedding,Pillows,7.0,New
2025_5,369,Western,Men Shirts,70.0,New
2025_5,370,Western,Men Shirts,60.0,New
2025_5,371,Western,Men Shirts,60.0,New
2025_5,372,Bedding,Pillows,6.0,New
2025_5,372,Bedding,Pillowcase,7.0,New
2025_5,373,Bedding,Bed Sheets,21.0,New
2025_5,374,Bedding,Pillows,9.0,New
2025_5,374,Bedding,Pillowcase,32.0,New
2025_5,375,Bedding,Curtains,14.0,New
2025_5,376,Asian,Women Pants,80.0,Used
2025_5,377,Western,Women Shirts,78.0,Used
2025_5,378,Western,Women Sweaters,25.0,New
2025_5,379,Asian,Women Shirts,60.0,Used
2025_5,380,Western,Women Jackets,26.0,New
2025_5,381,Western,Men Shirts,60.0,New
2025_5,382,Western,Men Shirts,60.0,New
2025_5,383,Western,Men Shirts,60.0,New
2025_5,384,Bedding,Blankets/Comforters,3.0,New
2025_5,385,Bedding,Blankets/Comforters,3.0,New
2025_5,386,Bedding,Blankets/Comforters,3.0,New
2025_5,387,Bedding,Blankets/Comforters,3.0,New
2025_5,388,Bedding,Blankets/Comforters,3.0,New
2025_5,389,Bedding,Blankets/Comforters,3.0,New
2025_5,390,Bedding,Blankets/Comforters,3.0,New
2025_5,391,Bedding,Blankets/Comforters,3.0,New
2025_5,392,Bedding,Blankets/Comforters,3.0,New
2025_5,393,Bedding,Blankets/Comforters,3.0,New
2025_5,394,Bedding,Blankets/Comforters,3.0,New
2025_5,395,Bedding,Blankets/Comforters,3.0,New
2025_5,396,Bedding,Blankets/Comforters,3.0,New
2025_5,397,Bedding,Blankets/Comforters,3.0,New
2025_5,398,Bedding,Blankets/Comforters,3.0,New
2025_5,399,Bedding,Blankets/Comforters,3.0,New
2025_5,400,Bedding,Blankets/Comforters,3.0,New
2025_5,401,Bedding,Blankets/Comforters,3.0,New
2025_5,402,Bedding,Blankets/Comforters,3.0,New
2025_5,403,Bedding,Blankets/Comforters,3.0,New
2025_5,404,Bedding,Blankets/Comforters,3.0,New
2025_5,405,Bedding,Blankets/Comforters,3.0,New
2025_5,406,Bedding,Blankets/Comforters,3.0,New
2025_5,407,Bedding,Blankets/Comforters,3.0,New
2025_5,408,Bedding,Blankets/Comforters,3.0,New
2025_5,409,Bedding,Blankets/Comforters,3.0,New
2025_5,410,Bedding,Blankets/Comforters,3.0,New
2025_5,411,Bedding,Blankets/Comforters,3.0,New
2025_5,412,Bedding,Blankets/Comforters,3.0,New
2025_5,413,Bedding,Blankets/Comforters,3.0,New
2025_5,414,Bedding,Blankets/Comforters,3.0,New
2025_5,415,Bedding,Blankets/Comforters,3.0,New
2025_5,416,Bedding,Blankets/Comforters,3.0,New
2025_5,417,Bedding,Blankets/Comforters,3.0,New
2025_5,418,Bedding,Blankets/Comforters,3.0,New
2025_5,419,Bedding,Blankets/Comforters,3.0,New
2025_5,420,Bedding,Blankets/Comforters,3.0,New
2025_5,421,Bedding,Blankets/Comforters,3.0,New
2025_5,422,Bedding,Blankets/Comforters,3.0,New
2025_5,423,Bedding,Blankets/Comforters,3.0,New
2025_5,424,Bedding,Blankets/Comforters,3.0,New
2025_5,425,Bedding,Blankets/Comforters,3.0,New
2025_5,426,Bedding,Blankets/Comforters,3.0,New
2025_5,427,Bedding,Blankets/Comforters,3.0,New
2025_5,428,Bedding,Blankets/Comforters,3.0,New
2025_5,429,Bedding,Blankets/Comforters,3.0,New
2025_5,430,Bedding,Blankets/Comforters,3.0,New
2025_5,431,Bedding,Blankets/Comforters,3.0,New
2025_5,432,Bedding,Blankets/Comforters,3.0,New
2025_5,433,Bedding,Blankets/Comforters,3.0,New
2025_5,434,Bedding,Blankets/Comforters,3.0,New
2025_5,435,Bedding,Blankets/Comforters,3.0,New
2025_5,436,Bedding,Blankets/Comforters,3.0,New
2025_5,437,Bedding,Blankets/Comforters,3.0,New
2025_5,438,Bedding,Blankets/Comforters,3.0,New
2025_5,439,Bedding,Blankets/Comforters,3.0,New
2025_5,440,Bedding,Blankets/Comforters,3.0,New
2025_5,441,Bedding,Blankets/Comforters,3.0,New
2025_5,442,Bedding,Blankets/Comforters,3.0,New
2025_5,443,Bedding,Blankets/Comforters,3.0,New
2025_5,444,Bedding,Blankets/Comforters,3.0,New
2025_5,445,Bedding,Blankets/Comforters,3.0,New
2025_5,446,Bedding,Blankets/Comforters,3.0,New
2025_5,447,Bedding,Blankets/Comforters,3.0,New
2025_5,448,Bedding,Blankets/Comforters,3.0,New
2025_5,449,Bedding,Blankets/Comforters,3.0,New
2025_5,450,Bedding,Blankets/Comforters,3.0,New
2025_5,451,Bedding,Blankets/Comforters,3.0,New
2025_5,452,Bedding,Blankets/Comforters,3.0,New
2025_5,453,Bedding,Blankets/Comforters,3.0,New
2025_5,454,Bedding,Blankets/Comforters,3.0,New
2025_5,455,Bedding,Blankets/Comforters,3.0,New
2025_5,456,Bedding,Blankets/Comforters,3.0,New
2025_5,457,Bedding,Blankets/Comforters,3.0,New
2025_5,458,Bedding,Blankets/Comforters,3.0,New
2025_5,459,Bedding,Blankets/Comforters,3.0,New
2025_5,460,Bedding,Blankets/Comforters,3.0,New
2025_5,461,Bedding,Blankets/Comforters,3.0,New
2025_5,462,Bedding,Blankets/Comforters,3.0,New
2025_5,463,Bedding,Blankets/Comforters,3.0,New
2025_5,464,Bedding,Blankets/Comforters,3.0,New
2025_5,465,Bedding,Blankets/Comforters,3.0,New
2025_5,466,Bedding,Blankets/Comforters,3.0,New
2025_5,467,Bedding,Blankets/Comforters,3.0,New
2025_5,468,Bedding,Blankets/Comforters,3.0,New
2025_5,469,Bedding,Blankets/Comforters,3.0,New
2025_5,470,Bedding,Blankets/Comforters,3.0,New
2025_5,471,Bedding,Blankets/Comforters,3.0,New
2025_5,472,Bedding,Blankets/Comforters,3.0,New
2025_5,473,Bedding,Blankets/Comforters,3.0,New
2025_5,474,Bedding,Blankets/Comforters,3.0,New
2025_5,475,Bedding,Blankets/Comforters,3.0,New
2025_5,476,Bedding,Blankets/Comforters,3.0,New
2025_5,477,Bedding,Blankets/Comforters,3.0,New
2025_5,478,Bedding,Blankets/Comforters,3.0,New
2025_5,479,Bedding,Blankets/Comforters,3.0,New
2025_5,480,Bedding,Blankets/Comforters,18.0,New
2025_5,481,Bedding,Blankets/Comforters,18.0,New
2025_5,482,Bedding,Blankets/Comforters,18.0,New
2025_5,483,Western,Men Sweaters,48.0,New
2025_5,484,Bedding,Blankets/Comforters,18.0,New
2025_5,485,Bedding,Blankets/Comforters,18.0,New
2025_5,486,Western,Men Sweaters,48.0,New
2025_5,487,Western,Men Sweaters,54.0,New
2025_5,488,Western,Men Sweaters,54.0,New
2025_5,489,Western,Men Sweaters,54.0,New
2025_5,490,Western,Men Sweaters,54.0,New
2025_5,491,Western,Men Sweaters,54.0,New
2025_5,492,Bedding,Blankets/Comforters,18.0,New
2025_5,493,Bedding,Blankets/Comforters,18.0,New
2025_5,494,Bedding,Blankets/Comforters,18.0,New
2025_5,495,Western,Men Sweaters,48.0,New
2025_5,496,Western,Men Sweaters,48.0,New
2025_5,497,Western,Men Sweaters,48.0,New
2025_5,498,Western,Men Sweaters,48.0,New
2025_5,499,Western,Men Sweaters,48.0,New
2025_5,500,Western,Men Sweaters,48.0,New
2025_5,501,Western,Men Sweaters,48.0,New
2025_5,502,Western,Men Sweaters,48.0,New
2025_5,503,Western,Men Sweaters,48.0,New
2025_5,504,Western,Men Sweaters,30.0,New
2025_5,505,Western,Men Sweaters,30.0,New
2025_5,506,Western,Men Sweaters,24.0,New
2025_5,507,Western,Men Sweaters,24.0,New
2025_5,508,Western,Men Sweaters,24.0,New
2025_5,509,Western,Men Sweaters,30.0,New
2025_5,510,Western,Men Sweaters,30.0,New
2025_5,511,Western,Men Sweaters,24.0,New
2025_5,512,Western,Men Sweaters,30.0,New
2025_5,513,Bedding,Blankets/Comforters,18.0,New
2025_5,514,Bedding,Blankets/Comforters,18.0,New
2025_5,515,Bedding,Blankets/Comforters,18.0,New
2025_5,516,Western,Women Shoes,15.0,New
2025_5,517,Western,Men Sweaters,30.0,New
2025_5,518,Western,Men Sweaters,24.0,New
2025_5,519,Bedding,Blankets/Comforters,18.0,New
2025_5,520,Bedding,Blankets/Comforters,18.0,New
2025_5,521,Western,Men Sweaters,24.0,New
2025_5,522,Bedding,Blankets/Comforters,18.0,New
2025_5,523,Bedding,Blankets/Comforters,18.0,New
2025_5,524,Western,Men Sweaters,30.0,New
2025_5,525,Bedding,Blankets/Comforters,18.0,New
2025_5,526,Bedding,Blankets/Comforters,18.0,New
2025_5,527,Bedding,Blankets/Comforters,18.0,New
2025_5,528,Hygiene,Adult Diapers,5.0,New
2025_5,528,Hygiene,Baby Diapers,2.0,New
2025_5,529,Asian,Women Scarves,79.0,Used
2025_5,530,Hygiene,Adult Diapers,7.0,New
2025_5,531,Western,Women Sweaters,26.0,Used
2025_5,532,Bedding,Bed Sheets,24.0,Used
2025_5,533,Asian,Women Bridal,26.0,Used
2025_5,534,Bedding,Comforter Set,1.0,Used
2025_5,535,Western,Women Sweaters,24.0,Used
2025_5,536,Bedding,Blankets/Comforters,4.0,Used
2025_5,537,Hygiene,Underpads,14.0,New
2025_5,538,Bedding,Blankets/Comforters,3.0,Used
2025_5,539,Hygiene,Underpads,9.0,New
2025_5,539,Hygiene,Adult Diapers,2.0,New
2025_5,540,Hygiene,Underpads,9.0,New
2025_5,541,Western,Men Shirts,60.0,Used
2025_5,542,Western,Women Shirts,60.0,Used
2025_5,543,Western,Men Pants,41.0,Used
2025_5,544,Western,Men Shirts,70.0,Used
2025_5,545,Asian,Women 2Pc Set,32.0,Used
2025_5,546,Western,Men Pants,34.0,Used
2025_5,547,Accessories,Women Hats,132.0,New
2025_5,548,Western,Women Sweaters,24.0,New
2025_5,549,Western,Women Sweaters,24.0,New
2025_5,550,Accessories,Women Hats,132.0,New
2025_5,551,Accessories,Women Hats,132.0,New
2025_5,552,Accessories,Women Hats,132.0,New
2025_5,553,Bedding,Blankets/Comforters,16.0,New
2025_5,554,Bedding,Blankets/Comforters,18.0,New
2025_5,555,Hygiene,Adult Diapers,6.0,New
2025_5,556,Bedding,Blankets/Comforters,14.0,New
2025_5,557,Bedding,Blankets/Comforters,14.0,New
2025_5,558,Bedding,Blankets/Comforters,14.0,New
2025_5,559,Bedding,Blankets/Comforters,16.0,New
2025_5,560,Bedding,Blankets/Comforters,16.0,New
2025_5,561,Bedding,Blankets/Comforters,16.0,New
2025_5,562,Bedding,Blankets/Comforters,16.0,New
2025_5,563,Bedding,Blankets/Comforters,16.0,New
2025_5,564,Bedding,Blankets/Comforters,16.0,New
2025_5,565,Bedding,Blankets/Comforters,16.0,New
2025_5,566,Bedding,Blankets/Comforters,16.0,New
2025_5,567,Bedding,Blankets/Comforters,30.0,New
2025_5,568,Western,Women Shoes,18.0,New
2025_5,569,Bedding,Blankets/Comforters,16.0,New
2025_5,570,Bedding,Blankets/Comforters,14.0,New
2025_5,571,Bedding,Blankets/Comforters,16.0,New
2025_5,572,Bedding,Blankets/Comforters,16.0,New
2025_5,573,Bedding,Blankets/Comforters,16.0,New
2025_5,574,Bedding,Blankets/Comforters,18.0,New
2025_5,575,Bedding,Blankets/Comforters,18.0,New
2025_5,576,Bedding,Blankets/Comforters,14.0,New
2025_5,577,Western,Men Shirts,81.0,New
2025_5,578,Bedding,Curtains,25.0,New
2025_5,579,Western,Women Shirts,60.0,Used
2025_5,580,Western,Men Sweaters,24.0,New
2025_5,581,Western,Men Sweaters,24.0,New
2025_5,582,Western,Men Sweaters,24.0,New
2025_5,583,Bedding,Blankets/Comforters,16.0,New
2025_5,584,Bedding,Blankets/Comforters,16.0,New
2025_5,585,Bedding,Blankets/Comforters,16.0,New
2025_5,586,Bedding,Blankets/Comforters,16.0,New
2025_5,587,Bedding,Blankets/Comforters,16.0,New
2025_5,588,Bedding,Blankets/Comforters,16.0,New
2025_5,589,Western,Women Pants,53.0,Used
2025_5,590,Western,Men Shirts,73.0,Used
2025_5,591,Asian,Women Pants,75.0,Used
2025_5,592,Western,Men Sweaters,24.0,New
2025_5,593,Western,Men Sweaters,24.0,New
2025_5,594,Western,Men Sweaters,24.0,New
2025_5,595,Bedding,Blankets/Comforters,16.0,New
2025_5,596,Bedding,Blankets/Comforters,16.0,New
2025_5,597,Bedding,Blankets/Comforters,16.0,New
2025_5,598,Bedding,Blankets/Comforters,16.0,New
2025_5,599,Bedding,Blankets/Comforters,16.0,New
2025_5,600,Bedding,Blankets/Comforters,16.0,New
2025_5,601,Bedding,Blankets/Comforters,28.0,New
2025_5,602,Western,Men Shirts,60.0,Used
2025_5,603,Western,Women Dresses,42.0,Used
2025_5,604,Bedding,Blankets/Comforters,16.0,New
2025_5,605,Bedding,Blankets/Comforters,16.0,New
2025_5,606,Bedding,Blankets/Comforters,16.0,New
2025_5,607,Bedding,Blankets/Comforters,16.0,New
2025_5,608,Bedding,Blankets/Comforters,16.0,New
2025_5,609,Bedding,Blankets/Comforters,16.0,New
2025_5,610,Bedding,Blankets/Comforters,16.0,New
2025_5,611,Bedding,Blankets/Comforters,16.0,New
2025_5,612,Bedding,Blankets/Comforters,16.0,New
2025_5,613,Western,Men Jackets,12.0,New
2025_5,614,Western,Men Jackets,13.0,New
2025_5,615,Western,Men Jackets,13.0,New
2025_5,616,Bedding,Blankets/Comforters,16.0,New
2025_5,617,Bedding,Blankets/Comforters,16.0,New
2025_5,618,Bedding,Blankets/Comforters,16.0,New
2025_5,619,Bedding,Blankets/Comforters,16.0,New
2025_5,620,Bedding,Blankets/Comforters,16.0,New
2025_5,621,Bedding,Blankets/Comforters,16.0,New
2025_5,622,Bedding,Blankets/Comforters,16.0,New
2025_5,623,Bedding,Blankets/Comforters,16.0,New
2025_5,624,Bedding,Blankets/Comforters,16.0,New
2025_5,625,Western,Men Sweaters,24.0,New
2025_5,626,Western,Men Jackets,24.0,New
2025_5,627,Western,Men Sweaters,24.0,New
2025_5,628,Children,Babies Under 3,130.0,Used
2025_5,629,Bedding,Bed Sheets,25.0,New
2025_5,630,Western,Men Jackets,30.0,New
2025_5,631,Western,Women Pants,61.0,Used
2025_5,632,Children,Babies Under 3,122.0,Used
2025_5,633,Western,Women Shirts,70.0,Used
2025_5,634,Western,Women Shirts,82.0,Used
2025_5,635,Asian,Women Shirts,60.0,Used
2025_5,636,Accessories,Purses,34.0,Used
2025_5,637,Bedding,Blankets/Comforters,3.0,Used
2025_5,638,Bedding,Blankets/Comforters,3.0,Used
2025_5,639,Western,Men Jackets,24.0,New
2025_5,640,Bedding,Blankets/Comforters,5.0,New
2025_5,641,Western,Men Sweaters,24.0,New
2025_5,642,Bedding,Blankets/Comforters,2.0,New
2025_5,643,Bedding,Pillows,5.0,New
2025_5,643,Bedding,Pillowcase,16.0,New
2025_5,644,Bedding,Blankets/Comforters,5.0,New
2025_5,645,Asian,Men Set,22.0,Used
2025_5,646,Asian,Women 3Pc Set,23.0,Used
2025_5,647,Western,Men Shirts,52.0,New
2025_5,648,Bedding,Curtains,20.0,New
2025_5,649,Western,Men Shirts,60.0,New
2025_5,650,Western,Women Jackets,25.0,New
2025_6,1,Bedding,Blankets/Comforters,3.0,New
2025_6,2,Asian,Women Pants,84.0,Used
2025_6,3,Western,Women Dresses,35.0,Used
2025_6,3,Children,Baby Crib,5.0,Used
2025_6,4,Bedding,Blankets/Comforters,28.0,New
2025_6,4,Toys,Bicycles,5.0,New
2025_6,5,Western,Women Sweaters,17.0,New
2025_6,5,Toys,Baby Toys,40.0,New
2025_6,6,Western,Men Sweaters,21.0,New
2025_6,7,Bedding,Blankets/Comforters,16.0,New
2025_6,8,Western,Men Sweaters,24.0,New
2025_6,9,Bedding,Blankets/Comforters,16.0,New
2025_6,10,Western,Men Sweaters,24.0,New
2025_6,11,Western,Men Sweaters,24.0,New
2025_6,12,Western,Men Sweaters,24.0,New
2025_6,13,Bedding,Blankets/Comforters,3.0,New
2025_6,14,Bedding,Blankets/Comforters,3.0,New
2025_6,15,Bedding,Blankets/Comforters,3.0,New
2025_6,16,Hygiene,Adult Diapers,6.0,New
2025_6,17,Bedding,Blankets/Comforters,3.0,New
2025_6,18,Western,Men Jackets,12.0,New
2025_6,19,Western,Men Sweaters,24.0,New
2025_6,20,Bedding,Blankets/Comforters,16.0,New
2025_6,21,Bedding,Blankets/Comforters,4.0,New
2025_6,22,Western,Men Sweaters,24.0,New
2025_6,23,Western,Men Sweaters,24.0,New
2025_6,24,Western,Men Sweaters,24.0,New
2025_6,25,Bedding,Blankets/Comforters,3.0,New
2025_6,26,Western,Women Jackets,25.0,New
2025_6,27,Bedding,Blankets/Comforters,3.0,New
2025_6,28,Bedding,Bed Sheets,17.0,New
2025_6,29,Bedding,Blankets/Comforters,4.0,New
2025_6,30,Bedding,Blankets/Comforters,4.0,New
2025_6,31,Western,Men Shirts,90.0,Used
2025_6,32,Western,Men Pants,50.0,Used
2025_6,33,Western,Men Shirts,60.0,Used
2025_6,34,Asian,Women Shirts,60.0,Used
2025_6,35,Asian,Women 3Pc Set,25.0,Used
2025_6,36,Western,Men Jackets,16.0,Used
2025_6,37,Bedding,Blankets/Comforters,3.0,New
2025_6,38,Bedding,Blankets/Comforters,3.0,New
2025_6,39,Western,Women Sweaters,24.0,New
2025_6,40,Bedding,Blankets/Comforters,3.0,New
2025_6,41,Asian,Women 3Pc Set,25.0,Used
2025_6,42,Bedding,Blankets/Comforters,3.0,New
2025_6,43,Western,Women Pants,60.0,Used
2025_6,44,Western,Women Sweaters,25.0,Used
2025_6,45,Western,Men Shirts,80.0,Used
2025_6,46,Asian,Women 3Pc Set,30.0,Used
2025_6,47,Western,Women Shirts,70.0,Used
2025_6,48,Accessories,Hats,120.0,New
2025_6,49,Western,Women Shoes,27.0,Used
2025_6,50,Western,Women Shirts,88.0,Used
2025_6,51,Asian,Women Pants,70.0,Used
2025_6,52,Western,Men Jackets,26.0,Used
2025_6,53,Western,Women Sweaters,30.0,Used
2025_6,54,Western,Women Pants,52.0,Used
2025_6,55,Asian,Women Scarves,90.0,Used
2025_6,56,Western,Men Pants,46.0,Used
2025_6,57,Western,Men Pants,46.0,Used
2025_6,58,Western,Men Pants,34.0,Used
2025_6,59,Western,Men Shirts,60.0,Used
2025_6,60,Western,Women Shirts,80.0,Used
2025_6,61,Western,Men Pants,42.0,Used
2025_6,62,Western,Women Shoes,36.0,Used
2025_6,63,Western,Men Shirts,80.0,Used
2025_6,64,Asian,Women 2Pc Set,33.0,Used
2025_6,65,Western,Men Pants,45.0,Used
2025_6,66,Western,Men Shoes,20.0,Used
2025_6,67,Asian,Women 3Pc Set,25.0,Used
2025_6,68,Western,Men Shirts,80.0,Used
2025_6,69,Western,Women Sweaters,26.0,Used
2025_6,70,Western,Men Sweaters,25.0,Used
2025_6,71,Western,Men Shoes,20.0,Used
2025_6,72,Western,Women Shirts,80.0,Used
2025_6,73,Asian,Women Shirts,60.0,Used
2025_6,74,Bedding,Curtains,12.0,New
2025_6,75,Bedding,Seat Cushions,7.0,New
2025_6,76,Bedding,Blankets/Comforters,3.0,New
2025_6,77,Bedding,Blankets/Comforters,4.0,New
2025_6,78,Bedding,Blankets/Comforters,2.0,New
2025_6,79,Bedding,Blankets/Comforters,3.0,New
2025_6,80,Bedding,Bed Sheets,17.0,New
2025_6,81,Bedding,Blankets/Comforters,2.0,New
2025_6,82,Bedding,Bed Sheets,13.0,New
2025_6,83,Household,Hangers,150.0,New
2025_6,84,Bedding,Bed Sheets,10.0,New
2025_6,85,Bedding,Curtains,16.0,New
2025_6,86,Bedding,Pillows,6.0,New
2025_6,87,Bedding,Blankets/Comforters,3.0,New
2025_6,88,Bedding,Blankets/Comforters,3.0,New
2025_6,89,Bedding,Pillows,5.0,New
2025_6,89,Bedding,Pillowcase,12.0,New
2025_6,90,Household,Hangers,165.0,New
2025_6,91,Bedding,Pillows,5.0,New
2025_6,92,Household,Hangers,110.0,New
2025_6,93,Bedding,Blankets/Comforters,2.0,New
2025_6,94,Household,Hangers,165.0,New
2025_6,95,Bedding,Bed Sheets,14.0,New
2025_6,96,Bedding,Bed Sheets,10.0,New
2025_6,97,Bedding,Blankets/Comforters,2.0,New
2025_6,98,Bedding,Blankets/Comforters,2.0,New
2025_6,99,Household,Hangers,165.0,New
2025_6,100,Bedding,Blankets/Comforters,2.0,New
2025_6,101,Bedding,Bed Sheets,13.0,New
2025_6,102,Bedding,Pillows,6.0,New
2025_6,102,Bedding,Pillowcase,6.0,New
2025_6,103,Bedding,Pillows,7.0,New
2025_6,103,Bedding,Pillowcase,7.0,New
2025_6,104,Bedding,Blankets/Comforters,2.0,New
2025_6,105,Bedding,Pillows,10.0,New
2025_6,106,Bedding,Blankets/Comforters,2.0,New
2025_6,107,Bedding,Bed Sheets,13.0,New
2025_6,108,Bedding,Pillows,6.0,New
2025_6,109,Bedding,Blankets/Comforters,2.0,New
2025_6,110,Bedding,Blankets/Comforters,2.0,New
2025_6,111,Bedding,Blankets/Comforters,2.0,New
2025_6,112,Bedding,Blankets/Comforters,2.0,New
2025_6,113,Bedding,Bed Sheets,11.0,New
2025_6,114,Bedding,Pillows,7.0,New
2025_6,115,Bedding,Pillows,6.0,New
2025_6,115,Bedding,Pillowcase,6.0,New
2025_6,116,Bedding,Bed Sheets,16.0,New
2025_6,117,Bedding,Blankets/Comforters,2.0,New
2025_6,118,Bedding,Blankets/Comforters,3.0,New
2025_6,119,Bedding,Bed Sheets,18.0,New
2025_6,120,Bedding,Pillows,11.0,New
2025_6,121,Bedding,Blankets/Comforters,2.0,New
2025_6,122,Bedding,Bed Sheets,7.0,New
2025_6,123,Accessories,Purses,32.0,Used
2025_6,124,Bedding,Blankets/Comforters,2.0,New
2025_6,125,Bedding,Blankets/Comforters,2.0,New
2025_6,126,Western,Women Pants,42.0,Used
2025_6,127,Accessories,Purses,30.0,Used
2025_6,128,Bedding,Bed Sheets,8.0,New
2025_6,129,Bedding,Pillows,7.0,New
2025_6,130,Bedding,Blankets/Comforters,2.0,New
2025_6,131,Bedding,Blankets/Comforters,2.0,New
2025_6,132,Bedding,Bed Sheets,15.0,New
2025_6,133,Asian,Women Bridal,18.0,Used
2025_6,134,Household,Hangers,130.0,New
2025_6,135,Bedding,Pillows,11.0,New
2025_6,136,Bedding,Pillows,6.0,New
2025_6,137,Bedding,Bed Sheets,9.0,New
2025_6,138,Bedding,Blankets/Comforters,2.0,New
2025_6,139,Western,Men Shirts,63.0,Used
2025_6,140,Western,Women Jackets,26.0,Used
2025_6,141,Bedding,Blankets/Comforters,2.0,New
2025_6,142,Bedding,Pillows,2.0,New
2025_6,142,Bedding,Pillowcase,40.0,New
2025_6,143,Bedding,Blankets/Comforters,2.0,New
2025_6,144,Bedding,Blankets/Comforters,2.0,New
2025_6,145,Bedding,Blankets/Comforters,2.0,New
2025_6,146,Bedding,Pillows,10.0,New
2025_6,146,Bedding,Pillowcase,10.0,New
2025_6,147,Bedding,Blankets/Comforters,2.0,New
2025_6,148,Bedding,Blankets/Comforters,3.0,New
2025_6,149,Bedding,Blankets/Comforters,2.0,New
2025_6,150,Bedding,Pillows,12.0,New
2025_6,150,Bedding,Pillowcase,12.0,New
2025_6,151,Bedding,Bed Sheets,15.0,New
2025_6,152,Bedding,Bed Sheets,8.0,New
2025_6,153,Bedding,Curtains,15.0,New
2025_6,154,Bedding,Bed Sheets,11.0,New
2025_6,155,Bedding,Bed Sheets,12.0,New
2025_6,156,Bedding,Blankets/Comforters,3.0,New
2025_6,157,Bedding,Pillows,6.0,New
2025_6,157,Bedding,Pillowcase,6.0,New
2025_6,158,Bedding,Blankets/Comforters,2.0,New
2025_6,159,Bedding,Blankets/Comforters,3.0,New
2025_6,160,Bedding,Pillows,6.0,New
2025_6,160,Bedding,Pillowcase,17.0,New
2025_6,161,Bedding,Comforter Set,2.0,New
2025_6,162,Bedding,Pillows,7.0,New
2025_6,163,Bedding,Bed Sheets,13.0,New
2025_6,164,Bedding,Blankets/Comforters,2.0,New
2025_6,165,Bedding,Pillows,8.0,New
2025_6,166,Bedding,Bed Sheets,15.0,New
2025_6,167,Bedding,Bed Sheets,9.0,New
2025_6,168,Bedding,Bed Sheets,11.0,New
2025_6,169,Bedding,Blankets/Comforters,2.0,New
2025_6,170,Bedding,Blankets/Comforters,2.0,New
2025_6,171,Bedding,Blankets/Comforters,2.0,New
2025_6,172,Bedding,Blankets/Comforters,3.0,New
2025_6,173,Bedding,Pillows,9.0,New
2025_6,174,Bedding,Bed Sheets,13.0,New
2025_6,175,Bedding,Pillows,8.0,New
2025_6,176,Bedding,Pillows,8.0,New
2025_6,176,Bedding,Pillowcase,38.0,New
2025_6,177,Bedding,Blankets/Comforters,2.0,New
2025_6,178,Bedding,Curtains,21.0,New
2025_6,179,Bedding,Blankets/Comforters,3.0,New
2025_6,180,Bedding,Curtains,16.0,New
2025_6,181,Bedding,Blankets/Comforters,2.0,New
2025_6,182,Bedding,Bed Sheets,13.0,New
2025_6,183,Bedding,Blankets/Comforters,2.0,New
2025_6,184,Bedding,Blankets/Comforters,2.0,New
2025_6,185,Bedding,Pillows,8.0,New
2025_6,186,Bedding,Comforter Set,2.0,New
2025_6,187,Bedding,Pillows,9.0,New
2025_6,188,Bedding,Bed Sheets,16.0,New
2025_6,189,Bedding,Blankets/Comforters,2.0,New
2025_6,190,Bedding,Seat Cushions,6.0,New
2025_6,191,Bedding,Bed Sheets,19.0,New
2025_6,192,Bedding,Blankets/Comforters,2.0,New
2025_6,193,Bedding,Blankets/Comforters,3.0,New
2025_6,194,Bedding,Blankets/Comforters,3.0,New
2025_6,195,Western,Men Shoes,23.0,Used
2025_6,196,Bedding,Blankets/Comforters,3.0,New
2025_6,197,Bedding,Pillows,12.0,New
2025_6,198,Bedding,Bed Sheets,17.0,New
2025_6,199,Bedding,Curtains,13.0,New
2025_6,200,Bedding,Blankets/Comforters,2.0,New
2025_6,201,Bedding,Blankets/Comforters,2.0,New
2025_6,202,Bedding,Blankets/Comforters,3.0,New
2025_6,203,Bedding,Blankets/Comforters,3.0,New
2025_6,204,Bedding,Pillows,12.0,New
2025_6,205,Bedding,Blankets/Comforters,2.0,New
2025_6,206,Western,Women Dresses,43.0,Used
2025_6,207,Western,Women Shirts,65.0,Used
2025_6,208,Bedding,Blankets/Comforters,3.0,New
2025_6,209,Bedding,Pillows,8.0,New
2025_6,209,Bedding,Pillowcase,8.0,New
2025_6,210,Bedding,Blankets/Comforters,2.0,New
2025_6,211,Bedding,Pillows,7.0,New
2025_6,211,Bedding,Pillowcase,6.0,New
2025_6,212,Bedding,Blankets/Comforters,2.0,New
2025_6,213,Bedding,Blankets/Comforters,3.0,New
2025_6,214,Bedding,Blankets/Comforters,3.0,New
2025_6,215,Bedding,Pillows,8.0,New
2025_6,215,Bedding,Pillowcase,4.0,New
2025_6,216,Bedding,Pillows,8.0,New
2025_6,217,Bedding,Pillows,9.0,New
2025_6,217,Bedding,Pillowcase,9.0,New
2025_6,218,Bedding,Pillows,4.0,New
2025_6,219,Bedding,Pillows,5.0,New
2025_6,220,Bedding,Pillows,5.0,New
2025_6,220,Bedding,Pillowcase,5.0,New
2025_6,221,Bedding,Blankets/Comforters,2.0,New
2025_6,222,Bedding,Blankets/Comforters,2.0,New
2025_6,223,Bedding,Pillows,6.0,New
2025_6,223,Bedding,Pillowcase,6.0,New
2025_6,224,Bedding,Blankets/Comforters,2.0,New
2025_6,225,Bedding,Blankets/Comforters,2.0,New
2025_6,226,Bedding,Blankets/Comforters,3.0,New
2025_6,227,Bedding,Bed Sheets,25.0,New
2025_6,228,Bedding,Blankets/Comforters,3.0,New
2025_6,229,Bedding,Blankets/Comforters,2.0,New
2025_6,230,Bedding,Blankets/Comforters,3.0,New
2025_6,231,Bedding,Pillows,14.0,New
2025_6,232,Bedding,Blankets/Comforters,2.0,New
2025_6,233,Bedding,Bed Sheets,11.0,New
2025_6,234,Bedding,Pillows,10.0,New
2025_6,234,Bedding,Pillowcase,10.0,New
2025_6,235,Bedding,Pillows,13.0,New
2025_6,236,Bedding,Bed Sheets,9.0,New
2025_6,237,Household,Hangers,173.0,New
2025_6,238,Bedding,Curtains,12.0,New
2025_6,239,Bedding,Curtains,17.0,New
2025_6,240,Bedding,Blankets/Comforters,3.0,New
2025_6,241,Western,Women Pants,53.0,Used
2025_6,242,Western,Men Jackets,21.0,Used
2025_6,243,Bedding,Pillowcase,58.0,New
2025_6,243,Bedding,Pillows,1.0,New
2025_6,244,Asian,Women Shirts,65.0,Used
2025_6,245,Asian,Women Shirts,55.0,Used
2025_6,246,Western,Women Shirts,85.0,Used
2025_6,247,Western,Men Pants,35.0,Used
2025_6,248,Western,Women Pants,75.0,Used
2025_6,249,Bedding,Bed Sheets,23.0,Used
2025_6,250,Asian,Women Shirts,65.0,Used
2025_6,251,Asian,Women 2Pc Set,32.0,Used
2025_6,252,Children,Babies Under 3,125.0,Used
2025_6,253,Western,Men Shirts,55.0,Used
2025_6,254,Western,Men Shirts,85.0,Used
2025_6,255,Western,Men Pants,63.0,Used
2025_6,256,Bedding,Blankets/Comforters,7.0,Used
2025_6,257,Western,Women Dresses,61.0,Used
2025_6,258,Bedding,Pillows,54.0,Used
2025_6,258,Bedding,Pillows,6.0,Used
2025_6,259,Western,Men Shirts,70.0,Used
2025_6,260,Bedding,Blankets/Comforters,5.0,New
2025_6,261,Bedding,Blankets/Comforters,5.0,New
2025_6,262,Asian,Women 2Pc Set,45.0,Used
2025_6,263,Western,Women Jackets,25.0,Used
2025_6,264,Western,Women Shirts,85.0,Used
2025_6,265,Bedding,Pillows,2.0,New
2025_6,266,Bedding,Comforter Set,1.0,New
2025_6,267,Bedding,Towels,11.0,New
2025_6,268,Bedding,Bed Sheets,6.0,New
2025_6,269,Bedding,Blankets/Comforters,1.0,New
2025_6,270,Bedding,Towels,18.0,New
2025_6,271,Bedding,Blankets/Comforters,1.0,New
2025_6,272,Bedding,Towels,9.0,New
2025_6,273,Bedding,Blankets/Comforters,1.0,New
2025_6,274,Bedding,Towels,29.0,New
2025_6,275,Bedding,Pillows,2.0,New
2025_6,276,Bedding,Pillows,2.0,New
2025_6,277,Bedding,Pillows,3.0,New
2025_6,278,Bedding,Pillows,2.0,New
2025_6,279,Bedding,Pillows,2.0,New
2025_6,280,Bedding,Pillows,2.0,New
2025_6,281,Bedding,Pillows,2.0,New
2025_6,282,Bedding,Pillows,2.0,New
2025_6,283,Bedding,Pillows,2.0,New
2025_6,284,Bedding,Pillows,2.0,New
2025_6,285,Bedding,Bed Sheets,4.0,New
2025_6,286,Bedding,Pillows,2.0,New
2025_6,287,Bedding,Bed Sheets,4.0,New
2025_6,288,Bedding,Bed Sheets,5.0,New
2025_6,289,Bedding,Pillows,2.0,New
2025_6,290,Bedding,Bed Sheets,5.0,New
2025_6,291,Bedding,Pillows,2.0,New
2025_6,292,Bedding,Blankets/Comforters,1.0,New
2025_6,293,Bedding,Pillows,2.0,New
2025_6,294,Bedding,Bed Sheets,7.0,New
2025_6,295,Bedding,Pillowcase,36.0,New
2025_6,296,Bedding,Pillowcase,38.0,New
2025_6,297,Bedding,Pillows,2.0,New
2025_6,298,Bedding,Pillows,2.0,New
2025_6,299,Bedding,Pillows,3.0,New
2025_6,300,Bedding,Pillows,3.0,New
2025_6,301,Bedding,Pillows,2.0,New
2025_6,302,Bedding,Pillows,3.0,New
2025_6,303,Bedding,Pillows,2.0,New
2025_6,304,Bedding,Pillows,2.0,New
2025_6,305,Bedding,Bed Sheets,8.0,New
2025_6,306,Bedding,Pillows,3.0,New
2025_6,307,Bedding,Pillows,3.0,New
2025_6,308,Bedding,Towels,36.0,New
2025_6,309,Bedding,Bed Sheets,7.0,New
2025_6,310,Bedding,Pillowcase,41.0,New
2025_6,311,Bedding,Bed Sheets,4.0,New
2025_6,312,Bedding,Pillows,2.0,New
2025_6,313,Bedding,Pillows,2.0,New
2025_6,314,Bedding,Bed Sheets,3.0,New
2025_6,315,Bedding,Pillows,2.0,New
2025_6,316,Bedding,Pillows,2.0,New
2025_6,317,Bedding,Pillows,2.0,New
2025_6,318,Bedding,Bed Sheets,3.0,New
2025_6,319,Bedding,Pillows,2.0,New
2025_6,320,Bedding,Bed Sheets,3.0,New
2025_6,321,Bedding,Pillows,2.0,New
2025_6,322,Bedding,Pillows,2.0,New
2025_6,323,Bedding,Pillows,3.0,New
2025_6,324,Bedding,Pillows,2.0,New
2025_6,325,Bedding,Pillows,2.0,New
2025_6,326,Bedding,Pillows,2.0,New
2025_6,327,Bedding,Towels,12.0,New
2025_6,328,Bedding,Bed Sheets,4.0,New
2025_6,329,Bedding,Towels,26.0,New
2025_6,330,Bedding,Pillows,2.0,New
2025_6,331,Bedding,Pillows,2.0,New
2025_6,332,Bedding,Bed Sheets,3.0,New
2025_6,333,Bedding,Bed Sheets,3.0,New
2025_6,334,Bedding,Pillows,2.0,New
2025_6,335,Bedding,Pillows,2.0,New
2025_6,336,Bedding,Pillows,2.0,New
2025_6,337,Bedding,Pillows,2.0,New
2025_6,338,Bedding,Bed Sheets,3.0,New
2025_6,339,Bedding,Pillows,2.0,New
2025_6,340,Bedding,Pillows,2.0,New
2025_6,341,Bedding,Pillows,2.0,New
2025_6,342,Bedding,Bed Sheets,3.0,New
2025_6,343,Western,Men Pants,45.0,Used
2025_6,344,Western,Men Sweaters,17.0,Used
2025_6,345,Western,Women Shirts,70.0,Used
2025_6,346,Asian,Women Scarves,105.0,New
2025_6,347,Western,Women Sweaters,36.0,Used
2025_6,348,Asian,Women Shirts,60.0,Used
2025_6,349,Western,Women Sweaters,18.0,Used
2025_6,350,Western,Men Sweaters,21.0,Used
2025_6,351,Bedding,Bed Sheets,10.0,Used
2025_6,352,Western,Men Shirts,55.0,Used
2025_6,353,Western,Men Shirts,50.0,Used
2025_6,354,Western,Women Sweaters,28.0,Used
2025_6,355,Western,Women Pants,53.0,Used
2025_6,356,Children,Babies Under 3,98.0,Used
2025_6,357,Western,Women Sweaters,25.0,Used
2025_6,358,Western,Women Shirts,61.0,Used
2025_6,359,Western,Men Sweaters,25.0,Used
2025_6,360,Bedding,Pillows,5.0,New
2025_6,361,Bedding,Blankets/Comforters,2.0,New
2025_6,362,Bedding,Blankets/Comforters,2.0,New
2025_6,363,Bedding,Blankets/Comforters,1.0,New
2025_6,364,Bedding,Curtains,8.0,New
2025_6,365,Bedding,Bed Sheets,9.0,New
2025_6,366,Bedding,Comforter Set,1.0,New
2025_6,367,Bedding,Pillows,4.0,New
2025_6,368,Bedding,Pillows,4.0,New
2025_6,369,Bedding,Pillows,4.0,New
2025_6,370,Bedding,Blankets/Comforters,1.0,New
2025_6,371,Bedding,Comforter Set,1.0,New
2025_6,372,Bedding,Blankets/Comforters,1.0,New
2025_6,373,Bedding,Blankets/Comforters,2.0,New
2025_6,374,Bedding,Blankets/Comforters,1.0,New
2025_6,375,Bedding,Comforter Set,1.0,New
2025_6,376,Bedding,Blankets/Comforters,2.0,New
2025_6,377,Bedding,Comforter Set,2.0,New
2025_6,378,Bedding,Blankets/Comforters,1.0,New
2025_6,379,Bedding,Bed Set,6.0,New
2025_6,380,Bedding,Blankets/Comforters,2.0,New
2025_6,381,Bedding,Bed Sheets,10.0,New
2025_6,382,Bedding,Blankets/Comforters,1.0,New
2025_6,383,Bedding,Bed Set,7.0,New
2025_6,384,Bedding,Blankets/Comforters,1.0,New
2025_6,385,Bedding,Pillows,2.0,New
2025_6,386,Bedding,Bed Set,1.0,New
2025_6,387,Bedding,Blankets/Comforters,2.0,New
2025_6,388,Bedding,Pillows,5.0,New
2025_6,389,Bedding,Pillows,5.0,New
2025_6,390,Bedding,Pillows,4.0,New
2025_6,391,Bedding,Bed Set,5.0,New
2025_6,392,Bedding,Bed Set,5.0,New
2025_6,393,Bedding,Pillows,5.0,New
2025_6,394,Bedding,Bed Set,5.0,New
2025_6,395,Bedding,Pillows,4.0,New
2025_6,396,Bedding,Bed Set,5.0,New
2025_6,397,Bedding,Pillows,5.0,New
2025_6,398,Western,Men Shirts,20.0,Used
2025_6,399,Bedding,Blankets/Comforters,1.0,New
2025_6,400,Bedding,Pillows,4.0,New
2025_6,401,Bedding,Comforter Set,1.0,New
2025_6,402,Bedding,Pillows,6.0,New
2025_6,402,Bedding,Pillowcase,2.0,New
2025_6,403,Bedding,Pillows,4.0,New
2025_6,404,Bedding,Blankets/Comforters,2.0,New
2025_6,405,Bedding,Pillows,3.0,New
2025_6,405,Bedding,Pillowcase,4.0,New
2025_6,406,Bedding,Blankets/Comforters,2.0,New
2025_6,407,Bedding,Pillows,5.0,New
2025_6,408,Bedding,Pillows,4.0,New
2025_6,409,Bedding,Blankets/Comforters,2.0,New
2025_6,410,Bedding,Bed Sheets,6.0,New
2025_6,411,Bedding,Comforter Set,1.0,New
2025_6,412,Bedding,Bed Sheets,6.0,New
2025_6,413,Bedding,Blankets/Comforters,2.0,New
2025_6,414,Western,Men Shirts,30.0,New
2025_6,415,Bedding,Bed Set,5.0,New
2025_6,416,Bedding,Bed Sheets,10.0,New
2025_6,417,Bedding,Pillows,8.0,New
2025_6,418,Asian,Women 2Pc Set,16.0,Used
2025_6,419,Asian,Women 2Pc Set,16.0,Used
2025_6,420,Western,Men Jackets,20.0,Used
2025_6,421,Bedding,Blankets/Comforters,1.0,New
2025_6,422,Asian,Women Pants,57.0,Used
2025_6,423,Western,Men Shirts,60.0,Used
2025_6,424,Asian,Women Abayas,38.0,Used
2025_6,425,Asian,Women Scarves,68.0,Used
2025_6,426,Asian,Women 3Pc Set,17.0,Used
2025_6,427,Asian,Women 3Pc Set,23.0,Used
2025_6,428,Bedding,Comforter Set,1.0,New
2025_6,429,Bedding,Blankets/Comforters,4.0,New
2025_6,430,Bedding,Bed Sheets,10.0,New
2025_6,431,Bedding,Curtains,9.0,New
2025_6,432,Western,Men Pants,46.0,Used
2025_6,433,Western,Men Shirts,51.0,Used
2025_6,434,Asian,Women Shirts,20.0,Used
2025_6,435,Western,Women Shirts,68.0,Used
2025_6,436,Western,Women Jackets,24.0,Used
2025_6,437,Western,Men Pants,65.0,Used
2025_6,438,Asian,Women 2Pc Set,21.0,Used
2025_6,439,Western,Women Jackets,23.0,Used
2025_6,440,Asian,Women Scarves,62.0,Used
2025_6,441,Asian,Women Shirts,60.0,Used
2025_6,442,Western,Men Pants,58.0,Used
2025_6,443,Bedding,Bed Set,12.0,New
2025_6,444,Asian,Women Bridal,35.0,Used
2025_6,445,Bedding,Bed Set,13.0,New
2025_6,446,Bedding,Bed Set,12.0,New
2025_6,447,Bedding,Bed Sheets,13.0,New
2025_6,448,Bedding,Pillowcase,10.0,New
2025_6,448,Bedding,Bed Sheets,5.0,New
2025_6,449,Bedding,Bed Sheets,8.0,New
2025_6,450,Bedding,Pillows,7.0,New
2025_6,450,Bedding,Pillowcase,7.0,New
2025_6,451,Bedding,Pillows,10.0,New
2025_6,451,Bedding,Pillowcase,10.0,New
2025_6,452,Western,Men Jackets,25.0,New
2025_6,453,Bedding,Bed Sheets,8.0,New
2025_6,454,Bedding,Bed Sheets,15.0,New
2025_6,455,Bedding,Curtains,14.0,New
2025_6,456,Bedding,Pillows,3.0,New
2025_6,457,Bedding,Bed Set,6.0,New
2025_6,458,Bedding,Bed Set,6.0,New
2025_6,459,Bedding,Pillows,4.0,New
2025_6,460,Bedding,Blankets/Comforters,1.0,New
2025_6,461,Bedding,Pillows,3.0,New
2025_6,462,Bedding,Blankets/Comforters,1.0,New
2025_6,463,Bedding,Bed Set,6.0,New
2025_6,464,Bedding,Blankets/Comforters,1.0,New
2025_6,465,Bedding,Blankets/Comforters,2.0,New
2025_6,466,Bedding,Blankets/Comforters,1.0,New
2025_6,467,Bedding,Blankets/Comforters,1.0,New
2025_6,468,Bedding,Comforter Set,1.0,New
2025_6,469,Bedding,Blankets/Comforters,1.0,New
2025_6,470,Bedding,Blankets/Comforters,1.0,New
2025_6,471,Bedding,Bed Set,7.0,New
2025_6,472,Western,Men Shirts,43.0,New
2025_6,473,Asian,Women 3Pc Set,12.0,Used
2025_6,474,Asian,Women 3Pc Set,10.0,Used
2025_6,475,Asian,Women Scarves,40.0,Used
2025_6,476,Bedding,Blankets/Comforters,1.0,New
2025_6,477,Bedding,Bed Set,6.0,New
2025_6,478,Bedding,Blankets/Comforters,2.0,New
2025_6,479,Bedding,Pillows,4.0,New
2025_6,480,Bedding,Curtains,10.0,New
2025_6,481,Bedding,Blankets/Comforters,1.0,New
2025_6,482,Bedding,Pillows,2.0,New
2025_6,483,Bedding,Pillows,6.0,New
2025_6,484,Bedding,Blankets/Comforters,3.0,New
2025_6,485,Bedding,Curtains,8.0,New
2025_6,486,Bedding,Blankets/Comforters,1.0,New
2025_6,487,Bedding,Blankets/Comforters,2.0,New
2025_6,488,Bedding,Bed Sheets,9.0,New
2025_6,489,Bedding,Blankets/Comforters,1.0,New
2025_6,490,Bedding,Blankets/Comforters,1.0,New
2025_6,491,Bedding,Comforter Set,2.0,New
2025_6,492,Western,Men Shirts,33.0,Used
2025_6,493,Bedding,Blankets/Comforters,6.0,New
2025_6,494,Bedding,Blankets/Comforters,1.0,New
2025_6,495,Bedding,Bed Set,3.0,New
2025_6,496,Western,Men Shoes,23.0,Used
2025_6,497,Toys,Toys,17.0,Used
2025_6,498,Bedding,Bed Sheets,10.0,New
2025_6,499,Children,Babies Under 3,105.0,Used
2025_6,500,Asian,Women 2Pc Set,30.0,Used
2025_6,501,Asian,Women 2Pc Set,30.0,Used
2025_6,502,Western,Men Shirts,60.0,Used
2025_6,503,Asian,Women Shirts,60.0,Used
2025_6,504,Western,Men Shirts,71.0,Used
2025_6,505,Asian,Women Shirts,60.0,Used
2025_6,506,Asian,Women Scarves,98.0,Used
2025_6,507,Asian,Men Thobe,25.0,Used
2025_6,508,Toys,Toys,9.0,Used
2025_6,509,Western,Men Pants,68.0,Used
2025_6,510,Asian,Women Shirts,62.0,Used
2025_6,511,Western,Men Shirts,104.0,Used
2025_6,512,Children,Babies Under 3,130.0,Used
2025_6,513,Asian,Women Scarves,105.0,Used
2025_6,514,Western,Women Pants,60.0,Used
2025_6,515,Bedding,Pillows,4.0,Used
2025_6,515,Bedding,Pillowcase,9.0,Used
2025_6,516,Bedding,Blankets/Comforters,4.0,Used
2025_6,517,Bedding,Bed Set,6.0,Used
2025_6,518,Western,Men 2Pc Track Suit,10.0,New
2025_6,519,Accessories,Scarves,54.0,New
2025_6,520,Bedding,Pillows,6.0,New
2025_6,521,Bedding,Bed Sheets,4.0,New
2025_6,522,Bedding,Bed Sheets,10.0,New
2025_6,523,Accessories,Hats,67.0,New
2025_6,524,Bedding,Blankets/Comforters,12.0,New
2025_6,525,Bedding,Bed Sheets,3.0,New
2025_6,526,Bedding,Bed Set,6.0,New
2025_6,527,Bedding,Blankets/Comforters,9.0,New
2025_6,528,Bedding,Bed Sheets,10.0,New
2025_6,529,Bedding,Bed Set,6.0,New
2025_6,530,Bedding,Curtains,7.0,New
2025_6,531,Bedding,Comforter Set,1.0,New
2025_6,532,Bedding,Pillowcase,27.0,New
2025_6,533,Accessories,Hats,72.0,New
2025_6,534,Bedding,Pillows,3.0,New
2025_6,535,Bedding,Bed Set,6.0,New
2025_6,536,Bedding,Blankets/Comforters,12.0,New
2025_6,537,Bedding,Bed Sheets,10.0,New
2025_6,538,Bedding,Curtains,7.0,New
2025_6,539,Bedding,Bed Set,6.0,New
2025_6,540,Accessories,Hats,72.0,New
2025_6,541,Accessories,Scarves,48.0,New
2025_6,542,Western,Women Shoes,20.0,Used
2025_6,543,Bedding,Curtains,5.0,New
2025_6,544,Western,Men Shirts,30.0,Used
2025_6,545,Accessories,Hats,61.0,New
2025_6,546,Accessories,Hats,45.0,New
2025_6,547,Accessories,Scarves,60.0,New
2025_6,548,Bedding,Blankets/Comforters,4.0,New
2025_6,549,Accessories,Hats,90.0,New
2025_6,550,Accessories,Hats,90.0,New
2025_6,551,Western,Women Pants,45.0,Used
2025_6,552,Western,Men Shirts,63.0,Used
2025_6,553,Accessories,Hats,64.0,New
2025_6,554,Accessories,Hats,82.0,New
2025_6,555,Western,Women Shoes,16.0,Used
2025_6,556,Bedding,Blankets/Comforters,18.0,New
2025_6,557,Accessories,Mittens,40.0,New
2025_6,557,Accessories,Hats,37.0,New
2025_6,558,Western,Men Sweaters,8.0,New
2025_6,559,Accessories,Hats,70.0,New
2025_6,560,Western,Men Shoes,26.0,Used
2025_6,561,Bedding,Comforter Set,2.0,New
2025_6,562,Accessories,Hats,80.0,New
2025_6,563,Western,Women Jackets,25.0,New
2025_6,564,Western,Men Jackets,16.0,New
2025_6,565,Western,Women Jackets,8.0,New
2025_6,566,Western,Men Jackets,30.0,New
2025_6,567,Western,Women Dresses,28.0,Used
2025_6,568,Asian,Women Shirts,26.0,Used
2025_6,569,Western,Women Shoes,31.0,Used
2025_6,570,Western,Men Shoes,28.0,Used
2025_6,571,Western,Women Pants,38.0,Used
2025_6,572,Western,Men Jackets,34.0,Used
2025_6,573,Asian,Women Shirts,39.0,Used
2025_6,574,Western,Men Shirts,40.0,Used
2025_6,575,Bedding,Bed Sheets,17.0,Used
2025_6,576,Asian,Women 2Pc Set,15.0,Used
2025_6,577,Bedding,Towels,19.0,New
2025_6,578,Western,Women Jackets,15.0,Used
2025_6,579,Asian,Women Bridal,16.0,Used
2025_6,580,Western,Men Shirts,42.0,Used
2025_6,581,Western,Women Shirts,35.0,Used
2025_6,582,Western,Men Shirts,32.0,Used
2025_6,583,Western,Women Shirts,40.0,Used
2025_6,584,Bedding,Blankets/Comforters,2.0,Used
2025_6,585,Asian,Women Pants,73.0,Used
2025_6,586,Western,Men Pants,40.0,Used
2025_6,587,Asian,Women Shirts,45.0,Used
2025_6,588,Asian,Women Scarves,79.0,Used
2025_6,589,Children,Babies Under 3,86.0,Used
2025_6,590,Asian,Women Abayas,22.0,Used
2025_6,591,Asian,Women 2Pc Set,18.0,Used
2025_6,592,Bedding,Curtains,6.0,New
2025_6,593,Bedding,Towels,30.0,New
2025_6,594,Western,Women Pants,32.0,Used
2025_6,595,Western,Men Shirts,45.0,Used
2025_6,596,Western,Men Shirts,40.0,Used
2025_6,597,Accessories,Hats,33.0,New
2025_6,598,Western,Men Shirts,30.0,Used
2025_6,599,Western,Men Shirts,25.0,Used
2025_6,600,Western,Women Shoes,40.0,Used
2025_6,601,Accessories,Hats,45.0,New
2025_6,602,Western,Men 2Pc Track Suit,13.0,New
2025_6,603,Western,Men Shirts,37.0,Used
2025_6,604,Children,Babies Under 3,113.0,Used
2025_6,605,Western,Men Shirts,40.0,Used
2025_6,606,Western,Men Shirts,30.0,Used
2025_6,607,UnderClothing,Kids Underwear (Boys),30.0,New
2025_6,608,Western,Men Shirts,30.0,Used
2025_6,609,Western,Men Shirts,30.0,Used
2025_6,610,Bedding,Blankets/Comforters,13.0,New
2025_6,611,Children,Babies Under 3,80.0,Used
2025_6,612,Western,Women Jackets,24.0,New
2025_6,613,Bedding,Curtains,9.0,New
2025_6,614,Bedding,Pillows,3.0,New
2025_6,614,Bedding,Pillowcase,27.0,New
2025_6,615,Western,Men Shirts,39.0,Used
2025_6,616,Western,Men Jackets,20.0,Used
2025_6,617,Asian,Women 3Pc Set,28.0,Used
2025_6,618,Accessories,Backpacks,12.0,Used
2025_6,619,Asian,Women 2Pc Set,38.0,Used
2025_6,620,Asian,Women Scarves,60.0,Used
2025_6,621,Bedding,Blankets/Comforters,2.0,Used
2025_6,622,Bedding,Bed Sheets,19.0,Used
2025_6,623,Asian,Women Bridal,21.0,Used
2025_6,624,Asian,Women Pants,52.0,Used
2025_6,625,Western,Men Shirts,75.0,Used
2025_6,626,Western,Men Shirts,30.0,Used
2025_6,627,Western,Men Shirts,25.0,Used
2025_6,628,Asian,Women Shirts,66.0,Used
2025_6,629,Bedding,Bed Set,8.0,New
2025_6,630,Accessories,Hats,98.0,New
2025_6,631,Bedding,Bed Set,5.0,New
2025_6,632,Western,Men Shirts,21.0,Used
2025_6,633,Western,Men Shirts,94.0,Used
2025_6,634,Western,Men Shirts,108.0,Used
2025_6,635,Western,Men Shirts,107.0,Used
2025_6,636,Western,Men Shirts,60.0,Used
2025_6,637,Western,Men Shirts,88.0,Used
2025_6,638,Western,Men Shirts,120.0,Used
2025_6,639,Accessories,Winter Mufflers,29.0,New
2025_6,639,Accessories,Hats,27.0,New
2025_6,640,Western,Men Shirts,145.0,Used
2025_6,641,Western,Men Jackets,9.0,New
2025_6,642,Western,Men Jackets,9.0,New
2025_6,643,Western,Men Jackets,12.0,New
2025_6,644,Western,Men Jackets,10.0,New
2025_6,645,Western,Men Jackets,11.0,New
2025_6,646,Bedding,Bed Sheets,24.0,New
2025_6,647,Western,Men Jackets,10.0,New
2025_6,648,Western,Men Jackets,9.0,New
2025_6,649,Western,Men Jackets,10.0,New
2025_6,650,Western,Men Jackets,11.0,New
2025_6,651,Western,Women Jackets,10.0,New
2025_6,652,Western,Women Shirts,41.0,New
2025_6,653,Western,Women Pants,22.0,New
2025_6,654,Western,Men Jackets,5.0,New
2025_6,655,Western,Men Jackets,7.0,New
2025_6,656,Western,Men Jackets,5.0,New
2025_6,657,Western,Men Jackets,7.0,New
2025_6,658,Western,Men Jackets,5.0,New
2025_6,659,Western,Men Jackets,6.0,New
2025_6,660,Western,Men Jackets,7.0,New
2025_6,661,Western,Men Jackets,5.0,New
2025_6,662,Western,Men Jackets,5.0,New
2025_6,663,Western,Men Shirts,23.0,Used
2025_6,664,Western,Men Pants,21.0,Used
2025_6,665,Western,Men Pants,12.0,Used
2025_6,666,Western,Women Pants,24.0,Used
2025_6,667,Accessories,Hats,35.0,New
2025_6,668,Western,Women Pants,27.0,Used
2025_6,669,Western,Men Jackets,10.0,New
2025_6,670,Western,Men Jackets,5.0,New
2025_6,671,Western,Men Jackets,5.0,New
2025_6,672,Western,Men Jackets,5.0,New
2025_6,673,Western,Men Jackets,5.0,New
2025_6,674,Bedding,Pillowcase,22.0,New
2025_6,675,Bedding,Blankets/Comforters,4.0,New
2025_6,676,Bedding,Blankets/Comforters,3.0,New
2025_6,677,Western,Men Shirts,30.0,Used
2025_6,678,Western,Women Shirts,25.0,Used
2025_6,679,Asian,Women Scarves,23.0,Used
2025_6,680,Western,Women Shoes,17.0,Used
2025_6,681,Asian,Women Scarves,21.0,Used
2025_6,682,Asian,Women Bridal,13.0,Used
2025_6,683,Western,Men Shirts,33.0,Used
2025_6,684,Asian,Women 2Pc Set,17.0,Used
2025_6,685,Western,Men Shirts,30.0,Used
2025_6,686,Western,Men Shirts,20.0,Used
2025_6,687,Western,Women Dresses,22.0,Used
2025_6,688,Western,Women Jackets,13.0,Used
2025_6,689,Asian,Women Abayas,15.0,Used
2025_6,690,Western,Men Jackets,15.0,Used
2025_6,691,Western,Men Jackets,12.0,Used
2025_6,692,Western,Men Shirts,23.0,Used
2025_6,693,Asian,Women 3Pc Set,12.0,Used
2025_6,694,Western,Women Pants,15.0,Used
2025_6,695,Bedding,Blankets/Comforters,3.0,Used
2025_6,696,Asian,Women Pants,21.0,Used
2025_6,697,Asian,Women Scarves,33.0,Used
2025_6,698,Western,Women Dresses,28.0,Used
2025_6,699,Western,Women Jackets,12.0,Used
2025_6,700,Western,Men Pants,14.0,Used
2025_6,701,Asian,Women Pants,38.0,Used
2025_6,702,Western,Men Shirts,44.0,Used
2025_6,703,Asian,Women Scarves,30.0,Used
2025_6,704,Asian,Women Shirts,30.0,Used
2025_6,705,Asian,Women 2Pc Set,15.0,Used
2025_6,706,Asian,Women Pants,37.0,Used
2025_6,707,Asian,Women Shirts,31.0,Used
2025_6,708,Asian,Women Shirts,32.0,Used
2025_6,709,Bedding,Blankets/Comforters,1.0,Used
2025_6,710,Bedding,Blankets/Comforters,5.0,Used
2025_6,711,Bedding,Blankets/Comforters,2.0,Used
2025_6,712,Asian,Women Scarves,22.0,Used
2025_6,713,Asian,Women Scarves,50.0,Used
2025_6,714,Western,Men Jackets,13.0,Used
2025_6,715,Asian,Women Scarves,39.0,Used
2025_6,716,Western,Men Jackets,5.0,Used
2025_6,717,Western,Women Shirts,50.0,Used
2025_6,718,Western,Women Shirts,40.0,Used
2025_6,719,Bedding,Pillows,6.0,Used
2025_6,720,Hygiene,Adult Diapers,2.0,Used
2025_6,721,Bedding,Bed Sheets,10.0,Used
2025_6,722,Bedding,Blankets/Comforters,3.0,Used
2025_6,723,Bedding,Bed Sheets,12.0,Used
2025_6,724,Asian,Men Thobe,23.0,Used
2025_6,725,Asian,Women Scarves,30.0,Used
2025_6,726,Asian,Women Scarves,31.0,Used
2025_6,727,Asian,Women Scarves,30.0,Used
2026_1,1,Asian,Women Scarves,50.0,Used
2026_1,2,Western,Men Shirts,50.0,Used
2026_1,3,Western,Women Dresses,21.0,Used
2026_1,4,Western,Men Shirts,30.0,Used
2026_1,5,Accessories,Hats,72.0,New
2026_1,5,Accessories,Gloves,72.0,New
2026_1,6,Western,Men Shirts,70.0,Used
2026_1,7,Western,Men Pants,25.0,Used
2026_1,8,Western,Men Sweaters,20.0,Used
2026_1,9,Household,Hangers,176.0,New
2026_1,10,Accessories,Mats,13.0,New
2026_1,11,Western,Men Shirts,60.0,Used
2026_1,12,Western,Men Jackets,12.0,Used
2026_1,13,Toys,No Battery,73.0,Used
2026_1,14,Asian,Men Shirts,24.0,Used
2026_1,15,Western,Men Jackets,12.0,Used
2026_1,16,Children,Babies Under 3,108.0,Used
2026_1,17,Asian,Women Shirts,30.0,Used
2026_1,18,Western,Women Shirts,70.0,Used
2026_1,19,Western,Women Sweaters,14.0,Used
2026_1,20,Western,Men Pants,50.0,Used
2026_1,21,Western,Men Shirts,92.0,Used
2026_1,22,Western,Men Pants,30.0,Used
2026_1,23,Western,Men Pants,36.0,Used
2026_1,24,Bedding,Pillows,6.0,Used
2026_1,24,Bedding,Pillowcase,17.0,Used
2026_1,25,Toys,No Battery,25.0,Used
2026_1,26,Bedding,Blankets/Comforters,10.0,Used
2026_1,27,Asian,Men Set,19.0,Used
2026_1,28,Western,Men Shirts,33.0,Used
2026_1,29,Asian,Women Scarves,50.0,Used
2026_1,30,Western,Women Shirts,30.0,Used
2026_1,31,Western,Men Pants,30.0,Used
2026_1,32,Bedding,Blankets/Comforters,32.0,Used
2026_1,33,Asian,Women Scarves,100.0,Used
2026_1,34,Accessories,Purses,13.0,Used
2026_1,35,Western,Men Jackets,30.0,Used
2026_1,36,Western,Men Jackets,21.0,Used
2026_1,37,Western,Men Jackets,17.0,Used
2026_1,38,Asian,Women Pants,40.0,Used
2026_1,39,Asian,Women Shirts,32.0,Used
2026_1,40,Western,Women Shirts,50.0,Used
2026_1,41,Children,Babies Under 3,100.0,Used
2026_1,42,Shoes,Women,19.0,Used
2026_1,43,Accessories,Purses,43.0,Used
2026_1,44,Asian,Women Scarves,76.0,Used
2026_1,45,Asian,Women 3Pc Set,15.0,Used
2026_1,46,Asian,Women Abayas,34.0,Used
2026_1,47,Asian,Women Shirts,62.0,Used
2026_1,48,Bedding,Blankets/Comforters,2.0,Used
2026_1,49,Western,Women Coats,6.0,New
2026_1,50,Asian,Women Scarves,36.0,Used
2026_1,51,Western,Men Jackets,5.0,New
2026_1,52,Western,Men Shirts,30.0,Used
2026_1,53,Western,Men Jackets,6.0,New
2026_1,54,Bedding,Pillows,1.0,Used
2026_1,54,Bedding,Pillowcase,14.0,Used
2026_1,55,Western,Men Jackets,5.0,New
2026_1,56,Toys,Vests,6.0,New
2026_1,57,Toys,Vests,7.0,New
2026_1,58,Asian,Women Pants,33.0,Used
2026_1,59,Western,Women Jackets,5.0,New
2026_1,60,Toys,Vests,6.0,New
2026_1,61,Toys,Vests,6.0,New
2026_1,62,Western,Men Jackets,7.0,New
2026_1,63,Western,Women Coats,5.0,New
2026_1,64,Western,Men Jackets,5.0,New
2026_1,65,Western,Women Jackets,14.0,New
2026_1,66,Western,Men Jackets,7.0,New
2026_1,67,Western,Men Jackets,7.0,New
2026_1,68,Western,Men Jackets,6.0,New
2026_1,69,Asian,Men Pants,22.0,Used
2026_1,70,Western,Men Jackets,5.0,New
2026_1,71,Western,Men Pants,17.0,New
2026_1,72,Western,Women Coats,4.0,New
2026_1,73,Asian,Men Thobe,20.0,Used
2026_1,74,Western,Men Jackets,6.0,New
2026_1,75,Toys,Vests,8.0,New
2026_1,76,Toys,Vests,7.0,New
2026_1,77,Western,Women Jackets,5.0,New
2026_1,78,Western,Women Coats,4.0,New
2026_1,79,Asian,Women Shirts,25.0,Used
2026_1,80,Western,Men Jackets,5.0,New
2026_1,81,Toys,Vests,7.0,New
2026_1,82,Western,Men Jackets,6.0,New
2026_1,83,Western,Men Jackets,7.0,New
2026_1,84,Bedding,Bed Sheets,14.0,Used
2026_1,85,Western,Men Shirts,85.0,Used
2026_1,86,Western,Men Jackets,7.0,New
2026_1,87,Western,Men Jackets,5.0,New
2026_1,88,Shoes,Women,21.0,Used
2026_1,89,Western,Women Coats,4.0,New
2026_1,90,Western,Women Jackets,3.0,New
2026_1,91,Western,Women Jackets,5.0,New
2026_1,92,Western,Men Pants,26.0,Used
2026_1,93,Toys,Vests,7.0,New
2026_1,94,Western,Men Jackets,6.0,New
2026_1,95,Western,Men Pants,8.0,New
2026_1,96,Western,Women Jackets,6.0,New
2026_1,97,Western,Men Pants,10.0,New
2026_1,98,Western,Men Jackets,7.0,New
2026_1,99,Western,Women Coats,4.0,New
2026_1,100,Western,Men Jackets,5.0,New
2026_1,101,Western,Women Shirts,30.0,Used
2026_1,102,Asian,Women Scarves,30.0,Used
2026_1,103,Western,Women Shirts,30.0,Used
2026_1,104,Western,Women Pants,31.0,Used
2026_1,105,Shoes,Men,15.0,Used
2026_1,106,Bedding,Blankets/Comforters,1.0,Used
2026_1,107,Western,Women Pants,18.0,Used
2026_1,108,Bedding,Curtains,13.0,Used
2026_1,109,Western,Men Jackets,7.0,New
2026_1,110,Western,Women Jackets,5.0,New
2026_1,111,Western,Men Jackets,8.0,New
2026_1,112,Western,Men Jackets,6.0,New
2026_1,113,Western,Men Jackets,6.0,New
2026_1,114,Western,Women Coats,5.0,New
2026_1,115,Western,Women Jackets,5.0,New
2026_1,116,Western,Women Coats,4.0,New
2026_1,117,Western,Men Jackets,7.0,New
2026_1,118,Western,Men Jackets,6.0,New
2026_1,119,Western,Women Jackets,23.0,Used
2026_1,120,Asian,Women 3Pc Set,18.0,Used
2026_1,121,Asian,Women Scarves,30.0,Used
2026_1,122,Asian,Women Pants,30.0,Used
2026_1,123,Asian,Men Set,18.0,Used
2026_1,124,Bedding,Blankets/Comforters,2.0,Used
2026_1,125,Bedding,Blankets/Comforters,2.0,Used
2026_1,126,Bedding,Towels,18.0,New
2026_1,127,Western,Women Jackets,5.0,New
2026_1,128,Western,Men Jackets,7.0,New
2026_1,129,Western,Men Jackets,6.0,New
2026_1,130,Asian,Women Shirts,25.0,Used
2026_1,131,Western,Women Jackets,7.0,Used
2026_1,132,Western,Women Shirts,35.0,Used
2026_1,133,Western,Men Shirts,70.0,Used
2026_1,134,Western,Men Pants,50.0,Used
2026_1,135,Asian,Women Shirts,25.0,Used
2026_1,136,Asian,Women Scarves,85.0,Used
2026_1,137,Western,Women Dresses,31.0,Used
2026_1,138,Western,Men Pants,84.0,Used
2026_1,139,Asian,Women 2Pc Set,42.0,Used
2026_1,140,Asian,Women 3Pc Set,32.0,Used
2026_1,141,Asian,Women Shirts,65.0,Used
2026_1,142,Western,Women Coats,4.0,New
2026_1,143,Western,Men Jackets,6.0,New
2026_1,144,Western,Women Dresses,21.0,Used
2026_1,145,Western,Women Pants,33.0,Used
2026_1,146,Western,Men Jackets,6.0,New
2026_1,147,Western,Men Jackets,6.0,New
2026_1,148,Western,Women Jackets,7.0,New
2026_1,149,Western,Women Shirts,33.0,Used
2026_1,150,Western,Women Jackets,14.0,Used
2026_1,151,Western,Men Shirts,40.0,Used
2026_1,152,Western,Women Jackets,21.0,Used
2026_1,153,Asian,Women Bridal,33.0,Used
2026_1,154,Western,Women Dresses,50.0,Used
2026_1,155,Western,Men Shirts,50.0,Used
2026_1,156,Asian,Women Scarves,90.0,Used
2026_1,157,Children,Babies Under 3,110.0,Used
2026_1,158,Asian,Women 2Pc Set,34.0,Used
2026_1,159,Bedding,Pillows,4.0,New
2026_1,159,Bedding,Comforter Set,1.0,New
2026_1,160,Bedding,Comforter Set,2.0,New
2026_1,161,Bedding,Blankets/Comforters,1.0,New
2026_1,162,Bedding,Pillows,6.0,New
2026_1,163,Bedding,Blankets/Comforters,2.0,New
2026_1,164,Household,Hangers,145.0,New
2026_1,165,Bedding,Blankets/Comforters,3.0,New
2026_1,166,Bedding,Pillows,6.0,New
2026_1,167,Bedding,Blankets/Comforters,2.0,New
2026_1,168,Bedding,Comforter Set,4.0,New
2026_1,169,Bedding,Bed Sheets,11.0,New
2026_1,170,Bedding,Blankets/Comforters,3.0,New
2026_1,171,Bedding,Blankets/Comforters,1.0,New
2026_1,171,Bedding,Comforter Set,1.0,New
2026_1,172,Bedding,Bed Set,11.0,New
2026_1,173,Bedding,Comforter Set,3.0,New
2026_1,174,Bedding,Pillows,6.0,New
2026_1,175,Bedding,Pillows,7.0,New
2026_1,176,Bedding,Blankets/Comforters,4.0,New
2026_1,177,Bedding,Comforter Set,1.0,New
2026_1,178,Bedding,Pillows,5.0,New
2026_1,179,Bedding,Comforter Set,1.0,New
2026_1,180,Bedding,Bed Set,11.0,New
2026_1,181,Bedding,Bed Set,10.0,New
2026_1,182,Bedding,Bed Set,12.0,New
2026_1,183,Western,Men Shirts,65.0,Used
2026_1,184,Western,Men Pants,40.0,Used
2026_1,185,Western,Men Shirts,65.0,Used
2026_1,186,Asian,Women 2Pc Set,42.0,Used
2026_1,187,Western,Women Pants,62.0,Used
2026_1,188,Western,Women Pants,,Used
2026_1,189,Asian,Women 3Pc Set,29.0,Used
2026_1,190,Western,Women Shirts,75.0,Used
2026_1,191,Asian,Women Pants,96.0,Used
2026_1,192,Asian,Women Scarves,110.0,Used
2026_1,193,Western,Men Shirts,71.0,Used
2026_1,194,Western,Men Pants,55.0,Used
2026_1,195,Western,Women Dresses,55.0,Used
2026_1,196,Western,Women Pants,55.0,Used
2026_1,197,Western,Women Shirts,84.0,Used
2026_1,198,Shoes,Women,80.0,Used
2026_1,199,Western,Women Shirts,80.0,Used
2026_1,200,Children,Babies Under 3,130.0,Used
2026_1,201,Western,Women Jackets,29.0,Used
2026_1,202,Western,Women Pants,42.0,Used
2026_1,203,Children,Babies Under 3,142.0,Used
2026_1,204,Western,Men Pants,66.0,Used
2026_1,205,Western,Women Jackets,25.0,Used
2026_1,206,Western,Women Dresses,35.0,Used
2026_1,207,Bedding,Pillows,4.0,New
2026_1,208,Bedding,Blankets/Comforters,2.0,New
2026_1,209,Bedding,Comforter Set,2.0,New
2026_1,210,Bedding,Blankets/Comforters,2.0,New
2026_1,211,Bedding,Pillows,3.0,New
2026_1,212,Bedding,Blankets/Comforters,3.0,New
2026_1,213,Bedding,Pillows,5.0,New
2026_1,214,Bedding,Pillows,12.0,New
2026_1,214,Bedding,Pillowcase,2.0,New
2026_1,215,Bedding,Comforter Set,3.0,New
2026_1,215,Bedding,Blankets/Comforters,1.0,New
2026_1,216,Bedding,Curtains,14.0,New
2026_1,217,Bedding,Bed Set,12.0,New
2026_1,218,Bedding,Bed Set,11.0,New
2026_1,219,Bedding,Blankets/Comforters,2.0,New
2026_1,219,Bedding,Pillows,1.0,New
2026_1,220,Bedding,Blankets/Comforters,2.0,New
2026_1,221,Bedding,Bed Sheets,14.0,New
2026_1,222,Bedding,Bed Sheets,12.0,New
2026_1,223,Bedding,Blankets/Comforters,2.0,New
2026_1,224,Bedding,Blankets/Comforters,4.0,New
2026_1,225,Bedding,Comforter Set,3.0,New
2026_1,226,Bedding,Blankets/Comforters,2.0,New
2026_1,227,Bedding,Comforter Set,4.0,New
2026_1,228,Bedding,Blankets/Comforters,4.0,New
2026_1,229,Household,Hangers,161.0,New
2026_1,230,Bedding,Bed Sheets,15.0,New
2026_1,231,Bedding,Pillows,4.0,New
2026_1,231,Bedding,Pillowcase,1.0,New
2026_1,232,Bedding,Blankets/Comforters,4.0,New
2026_1,233,Bedding,Pillows,9.0,New
2026_1,234,Bedding,Blankets/Comforters,1.0,New
2026_1,234,Bedding,Pillows,1.0,New
2026_1,235,Bedding,Bed Set,11.0,New
2026_1,236,Bedding,Comforter Set,1.0,New
2026_1,237,Bedding,Pillows,13.0,New
2026_1,238,Bedding,Bed Set,10.0,New
2026_1,239,Bedding,Comforter Set,2.0,New
2026_1,240,Bedding,Blankets/Comforters,3.0,New
2026_1,241,Bedding,Blankets/Comforters,3.0,New
2026_1,242,Bedding,Comforter Set,2.0,New
2026_1,242,Bedding,Blankets/Comforters,1.0,New
2026_1,243,Bedding,Blankets/Comforters,2.0,New
2026_1,244,Bedding,Blankets/Comforters,2.0,New
2026_1,245,Bedding,Blankets/Comforters,2.0,New
2026_1,246,Bedding,Blankets/Comforters,3.0,New
2026_1,247,Bedding,Pillows,11.0,New
2026_1,248,Bedding,Pillows,8.0,New
2026_1,249,Bedding,Comforter Set,1.0,New
2026_1,250,Bedding,Pillows,12.0,New
2026_1,251,Bedding,Pillows,5.0,New
2026_1,252,Bedding,Bed Sheets,11.0,New
2026_1,253,Bedding,Bed Set,12.0,New
2026_1,254,Bedding,Bed Set,7.0,New
2026_1,255,Bedding,Pillows,7.0,New
2026_1,255,Bedding,Pillowcase,4.0,New
2026_1,256,Household,Hangers,186.0,New
2026_1,257,Bedding,Comforter Set,2.0,New
2026_1,258,Bedding,Pillows,5.0,New
2026_1,259,Bedding,Bed Set,10.0,New
2026_1,260,Bedding,Comforter Set,2.0,New
2026_1,261,Bedding,Blankets/Comforters,3.0,New
2026_1,262,Bedding,Pillows,9.0,New
2026_1,263,Bedding,Blankets/Comforters,4.0,New
2026_1,264,Bedding,Curtains,17.0,New
2026_1,265,Bedding,Comforter Set,2.0,New
2026_1,266,Bedding,Bed Set,9.0,New
2026_1,267,Bedding,Pillows,8.0,New
2026_1,268,Bedding,Blankets/Comforters,2.0,New
2026_1,269,Bedding,Pillows,7.0,New
2026_1,270,Bedding,Blankets/Comforters,3.0,New
2026_1,271,Bedding,Comforter Set,1.0,New
2026_1,272,Bedding,Pillows,11.0,New
2026_1,273,Bedding,Blankets/Comforters,4.0,New
2026_1,274,Bedding,Blankets/Comforters,3.0,New
2026_1,275,Bedding,Pillows,8.0,New
2026_1,276,Bedding,Comforter Set,1.0,New
2026_1,277,Bedding,Bed Set,9.0,New
2026_1,278,Bedding,Comforter Set,2.0,New
2026_1,279,Asian,Women Scarves,69.0,Used
2026_1,280,Western,Women Shirts,62.0,Used
2026_1,281,Western,Women Jackets,21.0,Used
2026_1,282,Children,Babies Under 3,130.0,Used
2026_1,283,Asian,Women 2Pc Set,35.0,Used
2026_1,284,Bedding,Bed Sheets,17.0,New
2026_1,285,Bedding,Pillows,6.0,Used
2026_1,286,Children,Babies Under 3,135.0,Used
2026_1,287,Shoes,Men,17.0,Used
2026_1,288,Western,Women Shirts,91.0,Used
2026_1,289,Asian,Women Shirts,56.0,Used
2026_1,290,Asian,Women Scarves,66.0,Used
2026_1,291,Household,Hangers,160.0,Used
2026_1,292,Asian,Women Abayas,33.0,Used
2026_1,293,Bedding,Blankets/Comforters,2.0,New
2026_1,294,Asian,Women 2Pc Set,28.0,Used
2026_1,295,Asian,Women Pants,93.0,Used
2026_1,296,Western,Men Jackets,43.0,Used
2026_1,297,Western,Men Sweaters,16.0,Used
2026_1,298,Western,Men 2Pc Suit Set,19.0,Used
2026_1,299,Asian,Women 3Pc Set,25.0,Used
2026_1,300,Bedding,Blankets/Comforters,3.0,Used
2026_1,301,Western,Men Pants,37.0,Used
2026_1,302,Household,Hangers,160.0,Used
2026_1,303,Asian,Women Shirts,60.0,Used
2026_1,304,Bedding,Blankets/Comforters,9.0,Used
2026_1,305,Western,Men Pants,42.0,Used
2026_1,306,Western,Women Sweaters,32.0,Used
2026_1,307,Children,Babies Under 3,130.0,Used
2026_1,308,Western,Men Sweaters,30.0,Used
2026_1,309,Asian,Women Shirts,70.0,Used
2026_1,310,Bedding,Pillows,5.0,Used
2026_1,310,Bedding,Pillowcase,25.0,Used
2026_1,311,Western,Women Jackets,34.0,Used
2026_1,312,Bedding,Bed Sheets,24.0,Used
2026_1,312,Bedding,Pillowcase,2.0,Used
2026_1,313,Western,Men Jackets,30.0,Used
2026_1,314,Western,Men Jackets,29.0,Used
2026_1,315,Western,Men Shirts,79.0,Used
2026_1,316,Western,Women Jackets,19.0,Used
2026_1,317,Western,Men Pants,47.0,Used
2026_1,318,UnderClothing,Socks,41.0,New
2026_1,318,UnderClothing,Underwear,8.0,New
2026_1,318,UnderClothing,Undershirts,22.0,New
2026_1,319,Western,Women Shirts,82.0,Used
2026_1,320,Western,Men Shirts,70.0,Used
2026_1,321,Asian,Women 2Pc Set,39.0,Used
2026_1,322,Western,Men Shirts,100.0,Used
2026_1,323,Western,Men Pants,69.0,Used
2026_1,324,Asian,Women 2Pc Set,27.0,Used
2026_1,325,Children,Babies Under 3,127.0,Used
2026_1,326,Western,Women Sweaters,25.0,Used
2026_1,327,Asian,Women 3Pc Set,30.0,Used
2026_1,328,Asian,Women Shirts,60.0,Used
2026_1,329,Western,Women Sweaters,24.0,Used
2026_1,330,Bedding,Blankets/Comforters,3.0,New
2026_1,331,Bedding,Pillows,6.0,New
2026_1,331,Bedding,Pillowcase,11.0,New
2026_1,332,Bedding,Blankets/Comforters,2.0,New
2026_1,333,Bedding,Pillows,8.0,New
2026_1,333,Bedding,Pillowcase,9.0,New
2026_1,334,Bedding,Blankets/Comforters,2.0,New
2026_1,335,Bedding,Blankets/Comforters,2.0,New
2026_1,336,Bedding,Blankets/Comforters,3.0,New
2026_1,337,Bedding,Blankets/Comforters,3.0,New
2026_1,338,Bedding,Pillows,7.0,New
2026_1,338,Bedding,Pillowcase,10.0,New
2026_1,339,Bedding,Pillows,4.0,New
2026_1,339,Bedding,Pillowcase,5.0,New
2026_1,340,Bedding,Bed Sheets,21.0,New
2026_1,341,Bedding,Bed Sheets,20.0,New
2026_1,342,Bedding,Blankets/Comforters,1.0,New
2026_1,343,Bedding,Blankets/Comforters,3.0,New
2026_1,344,Bedding,Pillows,9.0,New
2026_1,345,Bedding,Pillows,8.0,New
2026_1,345,Bedding,Pillowcase,1.0,New
2026_1,346,Bedding,Blankets/Comforters,2.0,New
2026_1,347,Bedding,Pillows,6.0,New
2026_1,347,Bedding,Pillowcase,18.0,New
2026_1,348,Bedding,Pillows,8.0,New
2026_1,348,Bedding,Pillowcase,8.0,New
2026_1,349,Bedding,Blankets/Comforters,2.0,New
2026_1,350,Bedding,Blankets/Comforters,3.0,New
2026_1,351,Bedding,Bed Sheets,21.0,New
2026_1,352,Bedding,Blankets/Comforters,2.0,New
2026_1,353,Bedding,Bed Sheets,19.0,New
2026_1,354,Bedding,Blankets/Comforters,3.0,New
2026_1,355,Bedding,Blankets/Comforters,3.0,New
2026_1,356,Bedding,Pillows,9.0,New
2026_1,356,Bedding,Pillowcase,10.0,New
2026_1,357,Bedding,Blankets/Comforters,2.0,New
2026_1,358,Bedding,Pillows,5.0,New
2026_1,358,Bedding,Pillowcase,29.0,New
2026_1,359,Bedding,Blankets/Comforters,2.0,New
2026_1,360,Bedding,Blankets/Comforters,2.0,New
2026_1,361,Bedding,Pillows,12.0,New
2026_1,361,Bedding,Pillowcase,4.0,New
2026_1,362,Bedding,Pillows,5.0,New
2026_1,362,Bedding,Pillowcase,35.0,New
2026_1,363,Bedding,Bed Sheets,17.0,New
2026_1,364,Bedding,Bed Sheets,20.0,New
2026_1,365,Bedding,Bed Sheets,18.0,New
2026_1,366,Bedding,Pillows,5.0,New
2026_1,366,Bedding,Pillowcase,22.0,New
2026_1,367,Bedding,Blankets/Comforters,3.0,New
2026_1,368,Bedding,Blankets/Comforters,2.0,New
2026_1,369,Bedding,Blankets/Comforters,3.0,New
2026_1,370,Bedding,Blankets/Comforters,3.0,New
2026_1,371,Bedding,Pillows,7.0,New
2026_1,371,Bedding,Pillowcase,4.0,New
2026_1,372,Bedding,Pillows,10.0,New
2026_1,372,Bedding,Pillowcase,14.0,New
2026_1,373,Bedding,Blankets/Comforters,3.0,New
2026_1,374,Bedding,Blankets/Comforters,3.0,New
2026_1,375,Bedding,Bed Sheets,22.0,New
2026_1,376,Bedding,Bed Sheets,20.0,New
2026_1,377,Bedding,Bed Sheets,20.0,New
2026_1,378,Bedding,Blankets/Comforters,2.0,New
2026_1,379,Bedding,Pillows,6.0,New
2026_1,379,Bedding,Pillowcase,29.0,New
2026_1,380,Bedding,Blankets/Comforters,2.0,New
2026_1,381,Western,Men Jackets,11.0,New
2026_1,382,Western,Men Jackets,13.0,New
2026_1,383,Western,Men Jackets,12.0,New
2026_1,384,Western,Men Jackets,13.0,New
2026_1,385,Bedding,Pillows,8.0,New
2026_1,385,Bedding,Pillowcase,5.0,New
2026_1,386,Bedding,Pillows,7.0,New
2026_1,386,Bedding,Pillowcase,13.0,New
2026_1,387,Western,Men Jackets,8.0,New
2026_1,388,Bedding,Bed Sheets,24.0,New
2026_1,389,Bedding,Blankets/Comforters,3.0,New
2026_1,390,Bedding,Blankets/Comforters,3.0,New
2026_1,391,Western,Men Jackets,13.0,New
2026_1,392,Bedding,Pillows,9.0,New
2026_1,393,Bedding,Pillows,5.0,New
2026_1,394,Bedding,Blankets/Comforters,2.0,New
2026_1,395,Western,Men Shirts,81.0,New
2026_1,396,Western,Men Jackets,12.0,New
2026_1,397,Western,Men Jackets,13.0,New
2026_1,398,Western,Women Shirts,73.0,New
2026_1,399,Western,Women Pants,52.0,New
2026_1,400,Bedding,Blankets/Comforters,3.0,New
2026_1,401,Bedding,Bed Sheets,22.0,New
2026_1,402,Bedding,Blankets/Comforters,2.0,New
2026_1,403,Bedding,Blankets/Comforters,3.0,New
2026_1,404,Bedding,Blankets/Comforters,3.0,New
2026_1,405,Bedding,Blankets/Comforters,3.0,New
2026_1,406,Bedding,Blankets/Comforters,4.0,New
2026_1,407,Bedding,Pillows,4.0,New
2026_1,407,Bedding,Pillowcase,1.0,New
2026_1,408,Bedding,Pillows,6.0,New
2026_1,409,Western,Women Pants,54.0,Used
2026_1,410,Bedding,Bed Sheets,23.0,New
2026_1,411,Bedding,Bed Sheets,13.0,New
2026_1,412,Bedding,Blankets/Comforters,2.0,New
2026_1,413,Bedding,Bed Sheets,22.0,New
2026_1,414,Bedding,Blankets/Comforters,2.0,New
2026_1,415,Bedding,Blankets/Comforters,2.0,New
2026_1,416,Asian,Women Scarves,82.0,Used
2026_1,417,Bedding,Blankets/Comforters,2.0,New
2026_1,418,Bedding,Blankets/Comforters,2.0,New
2026_1,419,Bedding,Bed Sheets,20.0,New
2026_1,420,Bedding,Pillows,9.0,New
2026_1,421,Asian,Women Pants,67.0,Used
2026_1,422,Bedding,Pillows,10.0,New
2026_1,422,Bedding,Pillowcase,1.0,New
2026_1,423,Bedding,Blankets/Comforters,2.0,New
2026_1,424,Bedding,Blankets/Comforters,3.0,New
2026_1,425,Bedding,Blankets/Comforters,2.0,New
2026_1,426,Bedding,Pillows,7.0,New
2026_1,427,Bedding,Pillows,8.0,New
2026_1,428,Western,Women Dresses,42.0,Used
2026_1,429,Bedding,Pillows,2.0,New
2026_1,429,Bedding,Pillowcase,11.0,New
2026_1,430,Western,Men Pants,37.0,Used
2026_1,431,Bedding,Bed Sheets,10.0,New
2026_1,432,Bedding,Bed Sheets,17.0,New
2026_1,433,Bedding,Blankets/Comforters,3.0,New
2026_1,434,Bedding,Blankets/Comforters,3.0,New
2026_1,435,Bedding,Blankets/Comforters,3.0,New
2026_1,436,Bedding,Pillows,4.0,New
2026_1,436,Bedding,Pillowcase,24.0,New
2026_1,437,Shoes,Women,29.0,Used
2026_1,438,Bedding,Blankets/Comforters,3.0,New
2026_1,439,Western,Women Jackets,42.0,Used
2026_1,440,Asian,Women Abayas,31.0,Used
2026_1,441,Asian,Women Shirts,65.0,Used
2026_1,442,Bedding,Pillows,7.0,New
2026_1,443,Bedding,Pillows,3.0,New
2026_1,443,Bedding,Pillowcase,21.0,New
2026_1,444,Western,Men Jackets,34.0,Used
2026_1,445,Bedding,Blankets/Comforters,3.0,New
2026_1,446,Asian,Men Thobe,71.0,Used
2026_1,447,Western,Women Jackets,19.0,Used
2026_1,448,Bedding,Blankets/Comforters,3.0,New
2026_1,449,Western,Men Shirts,70.0,Used
2026_1,450,Children,Babies Under 3,160.0,Used
2026_1,451,Bedding,Blankets/Comforters,3.0,New
2026_1,452,Bedding,Blankets/Comforters,3.0,New
2026_1,453,Bedding,Blankets/Comforters,3.0,New
2026_1,454,Bedding,Blankets/Comforters,3.0,New
2026_1,455,Bedding,Bed Sheets,22.0,New
2026_1,456,Bedding,Blankets/Comforters,2.0,New
2026_1,457,Bedding,Pillows,12.0,New
2026_1,457,Bedding,Pillowcase,12.0,New
2026_1,458,Bedding,Blankets/Comforters,3.0,New
2026_1,459,Bedding,Pillows,10.0,New
2026_1,459,Bedding,Pillowcase,10.0,New
2026_1,460,Bedding,Pillows,10.0,New
2026_1,460,Bedding,Pillowcase,17.0,New
2026_1,461,Bedding,Bed Sheets,22.0,New
2026_1,462,Bedding,Pillows,5.0,New
2026_1,462,Bedding,Pillowcase,5.0,New
2026_1,463,Bedding,Blankets/Comforters,3.0,New
2026_1,464,Bedding,Pillows,9.0,New
2026_1,464,Bedding,Pillowcase,9.0,New
2026_1,465,Bedding,Pillows,5.0,New
2026_1,465,Bedding,Pillowcase,10.0,New
2026_1,466,Bedding,Pillows,5.0,New
2026_1,467,Bedding,Blankets/Comforters,3.0,New
2026_1,468,Bedding,Pillows,12.0,New
2026_1,468,Bedding,Pillowcase,28.0,New
2026_1,469,Bedding,Pillows,6.0,New
2026_1,469,Bedding,Pillowcase,66.0,New
2026_1,470,Bedding,Bed Sheets,21.0,New
2026_1,471,Bedding,Bed Sheets,28.0,New
2026_1,472,Bedding,Blankets/Comforters,2.0,New
2026_1,473,Bedding,Bed Sheets,11.0,New
2026_1,474,Bedding,Blankets/Comforters,2.0,New
2026_1,475,Bedding,Blankets/Comforters,2.0,New
2026_1,476,Bedding,Blankets/Comforters,3.0,New
2026_1,477,Bedding,Pillows,14.0,New
2026_1,477,Bedding,Pillowcase,14.0,New
2026_1,478,Bedding,Blankets/Comforters,3.0,New
2026_1,479,Bedding,Blankets/Comforters,3.0,New
2026_1,480,Bedding,Blankets/Comforters,2.0,New
2026_1,481,Bedding,Pillows,6.0,New
2026_1,481,Bedding,Pillowcase,6.0,New
2026_1,482,Bedding,Blankets/Comforters,3.0,New
2026_1,483,Bedding,Blankets/Comforters,2.0,New
2026_1,484,Bedding,Pillows,5.0,New
2026_1,484,Bedding,Pillowcase,65.0,New
2026_1,485,Bedding,Blankets/Comforters,2.0,New
2026_1,486,Bedding,Pillows,8.0,New
2026_1,486,Bedding,Pillowcase,20.0,New
2026_1,487,Bedding,Bed Sheets,21.0,New
2026_1,488,Bedding,Blankets/Comforters,2.0,New
2026_1,489,Bedding,Blankets/Comforters,2.0,New
2026_1,490,Bedding,Bed Sheets,21.0,New
2026_1,491,Bedding,Blankets/Comforters,3.0,New
2026_1,492,Bedding,Bed Sheets,24.0,New
2026_1,493,Bedding,Bed Sheets,14.0,New
2026_1,494,Bedding,Pillows,12.0,New
2026_1,494,Bedding,Pillowcase,12.0,New
2026_1,495,Bedding,Pillows,6.0,New
2026_1,495,Bedding,Pillowcase,10.0,New
2026_1,496,Bedding,Bed Sheets,22.0,New
2026_1,497,Bedding,Blankets/Comforters,2.0,New
2026_1,498,Bedding,Blankets/Comforters,3.0,New
2026_1,499,Bedding,Bed Sheets,16.0,New
2026_1,500,Bedding,Pillows,2.0,New
2026_1,500,Bedding,Pillowcase,72.0,New
2026_1,501,Bedding,Blankets/Comforters,2.0,New
2026_1,502,Bedding,Bed Sheets,24.0,New
2026_1,503,Bedding,Pillows,4.0,New
2026_1,503,Bedding,Pillowcase,4.0,New
2026_1,504,Bedding,Blankets/Comforters,3.0,New
2026_1,505,Household,Hangers,175.0,New
2026_1,506,Bedding,Blankets/Comforters,2.0,New
2026_1,507,Bedding,Pillows,4.0,New
2026_1,507,Bedding,Pillowcase,4.0,New
2026_1,508,Bedding,Blankets/Comforters,2.0,New
2026_1,509,Bedding,Pillows,7.0,New
2026_1,509,Bedding,Pillowcase,5.0,New
2026_1,510,Bedding,Blankets/Comforters,2.0,New
2026_1,511,Bedding,Blankets/Comforters,3.0,New
2026_1,512,Bedding,Blankets/Comforters,3.0,New
2026_1,513,Bedding,Pillows,5.0,New
2026_1,513,Bedding,Pillowcase,5.0,New
2026_1,514,Bedding,Pillows,7.0,New
2026_1,514,Bedding,Pillowcase,7.0,New
2026_1,515,Bedding,Bed Sheets,17.0,New
2026_1,516,Bedding,Blankets/Comforters,2.0,New
2026_1,517,Bedding,Bed Sheets,24.0,New
2026_1,518,Bedding,Blankets/Comforters,3.0,New
2026_1,519,Bedding,Blankets/Comforters,3.0,New
2026_1,520,Bedding,Pillows,6.0,New
2026_1,520,Bedding,Pillowcase,12.0,New
2026_1,521,Bedding,Blankets/Comforters,2.0,New
2026_1,522,Bedding,Pillows,10.0,New
2026_1,522,Bedding,Pillowcase,10.0,New
2026_1,523,Bedding,Blankets/Comforters,3.0,New
2026_1,524,Bedding,Blankets/Comforters,2.0,New
2026_1,525,Bedding,Blankets/Comforters,2.0,New
2026_1,526,Bedding,Blankets/Comforters,3.0,New
2026_1,527,Bedding,Blankets/Comforters,2.0,New
2026_1,528,Bedding,Towels,30.0,New
2026_1,529,Bedding,Towels,26.0,New
2026_1,530,Bedding,Blankets/Comforters,3.0,New
2026_1,531,Bedding,Blankets/Comforters,2.0,New
2026_1,532,Bedding,Bed Sheets,24.0,New
2026_1,533,Bedding,Blankets/Comforters,3.0,New
2026_1,534,Bedding,Pillows,11.0,New
2026_1,534,Bedding,Pillowcase,3.0,New
2026_1,535,Bedding,Blankets/Comforters,2.0,New
2026_1,536,Bedding,Pillows,6.0,New
2026_1,536,Bedding,Pillowcase,7.0,New
2026_1,537,Bedding,Blankets/Comforters,3.0,New
2026_1,538,Bedding,Blankets/Comforters,2.0,New
2026_1,539,Bedding,Pillows,7.0,New
2026_1,540,Bedding,Bed Sheets,21.0,New
2026_1,541,Bedding,Curtains,23.0,New
2026_1,542,Bedding,Pillows,6.0,New
2026_1,542,Bedding,Pillowcase,48.0,New
2026_1,543,Bedding,Blankets/Comforters,2.0,New
2026_1,544,Bedding,Bed Sheets,26.0,New
2026_1,545,Bedding,Blankets/Comforters,2.0,New
2026_1,546,Bedding,Pillows,4.0,New
2026_1,546,Bedding,Pillowcase,18.0,New
2026_1,547,Bedding,Blankets/Comforters,2.0,New
2026_1,548,Bedding,Blankets/Comforters,2.0,New
2026_1,549,Bedding,Blankets/Comforters,2.0,New
2026_1,550,Bedding,Bed Sheets,22.0,New
2026_1,551,Bedding,Bed Sheets,20.0,New
2026_1,552,Bedding,Pillows,6.0,New
2026_1,552,Bedding,Pillowcase,50.0,New
2026_1,553,Bedding,Blankets/Comforters,2.0,New
2026_1,554,Bedding,Blankets/Comforters,2.0,New
2026_1,555,Asian,Women Shirts,60.0,Used
2026_1,556,Western,Women Pants,62.0,Used
2026_1,557,Western,Men Pants,43.0,Used
2026_1,558,Western,Women Jackets,20.0,Used
2026_1,559,Asian,Women Scarves,105.0,Used
2026_1,560,Western,Women Shirts,68.0,Used
2026_1,561,Western,Men Jackets,22.0,Used
2026_1,562,Western,Men Pants,40.0,Used
2026_1,563,Western,Men Shirts,82.0,Used
2026_1,564,Children,Babies Under 3,156.0,Used
2026_1,565,Bedding,Pillows,7.0,New
2026_1,565,Bedding,Pillowcase,7.0,New
2026_1,566,Bedding,Bed Sheets,24.0,New
2026_1,567,Bedding,Pillows,6.0,New
2026_1,567,Bedding,Pillowcase,6.0,New
2026_1,568,Bedding,Pillows,7.0,New
2026_1,568,Bedding,Pillowcase,7.0,New
2026_1,569,Bedding,Bed Sheets,22.0,New
2026_1,570,Bedding,Pillows,5.0,New
2026_1,570,Bedding,Pillowcase,10.0,New
2026_1,571,Bedding,Blankets/Comforters,3.0,New
2026_1,572,Bedding,Bed Sheets,20.0,New
2026_1,573,Bedding,Blankets/Comforters,3.0,New
2026_1,574,Bedding,Blankets/Comforters,3.0,New
2026_1,575,Bedding,Bed Sheets,22.0,New
2026_1,576,Bedding,Pillows,8.0,New
2026_1,576,Bedding,Pillowcase,8.0,New
2026_1,577,Bedding,Pillows,10.0,New
2026_1,577,Bedding,Pillowcase,10.0,New
2026_1,578,Bedding,Bed Sheets,18.0,New
2026_1,579,Bedding,Blankets/Comforters,2.0,New
2026_1,580,Bedding,Blankets/Comforters,3.0,New
2026_1,581,Bedding,Bed Sheets,22.0,New
2026_1,582,Bedding,Blankets/Comforters,3.0,New
2026_1,583,Bedding,Pillows,7.0,New
2026_1,583,Bedding,Pillowcase,13.0,New
2026_1,584,Bedding,Bed Sheets,26.0,New
2026_1,585,Bedding,Pillows,4.0,New
2026_1,585,Bedding,Pillowcase,11.0,New
2026_1,586,Bedding,Blankets/Comforters,3.0,New
2026_1,587,Bedding,Bed Sheets,15.0,New
2026_1,588,Bedding,Blankets/Comforters,2.0,New
2026_1,589,Bedding,Blankets/Comforters,2.0,New
2026_1,590,Bedding,Blankets/Comforters,2.0,New
2026_1,591,Bedding,Pillows,5.0,New
2026_1,591,Bedding,Bed Sheets,13.0,New
2026_1,592,Bedding,Pillows,5.0,New
2026_1,592,Bedding,Pillowcase,12.0,New
2026_1,593,Bedding,Pillows,9.0,New
2026_1,593,Bedding,Pillowcase,18.0,New
2026_1,594,Bedding,Blankets/Comforters,3.0,New
2026_1,595,Bedding,Blankets/Comforters,3.0,New
2026_1,596,Bedding,Blankets/Comforters,3.0,New
2026_1,597,Bedding,Blankets/Comforters,3.0,New
2026_1,598,Bedding,Blankets/Comforters,2.0,New
2026_1,599,Bedding,Bed Sheets,20.0,New
2026_1,600,Bedding,Blankets/Comforters,2.0,New
2026_1,601,Bedding,Blankets/Comforters,3.0,New
2026_1,602,Bedding,Pillows,9.0,New
2026_1,602,Bedding,Pillowcase,9.0,New
2026_1,603,Bedding,Blankets/Comforters,2.0,New
2026_1,604,Bedding,Blankets/Comforters,2.0,New
2026_1,605,Bedding,Blankets/Comforters,3.0,New
2026_1,606,Bedding,Blankets/Comforters,3.0,New
2026_1,607,Bedding,Blankets/Comforters,2.0,New
2026_1,608,Bedding,Blankets/Comforters,2.0,New
2026_1,609,Bedding,Blankets/Comforters,2.0,New
2026_1,610,Bedding,Pillows,5.0,New
2026_1,610,Bedding,Pillowcase,7.0,New
2026_1,611,Bedding,Blankets/Comforters,3.0,New
2026_1,612,Bedding,Blankets/Comforters,3.0,New
2026_1,613,Bedding,Pillows,5.0,New
2026_1,613,Bedding,Pillowcase,2.0,New
2026_1,614,Bedding,Blankets/Comforters,3.0,New
2026_1,615,Bedding,Pillows,4.0,New
2026_1,616,Household,Hangers,174.0,New
2026_1,617,Bedding,Curtains,18.0,New
2026_1,618,Bedding,Bed Sheets,19.0,New
2026_1,619,Bedding,Blankets/Comforters,2.0,New
2026_1,620,Bedding,Bed Sheets,16.0,New
2026_1,621,Bedding,Blankets/Comforters,3.0,New
2026_1,622,Bedding,Pillows,7.0,New
2026_1,623,Bedding,Pillows,9.0,New
2026_1,624,Bedding,Bed Sheets,20.0,New
2026_1,625,Bedding,Blankets/Comforters,2.0,New
2026_1,626,Bedding,Blankets/Comforters,2.0,New
2026_1,627,Bedding,Blankets/Comforters,2.0,New
2026_1,628,Bedding,Blankets/Comforters,2.0,New
2026_1,629,Bedding,Curtains,27.0,New
2026_1,630,Bedding,Pillows,7.0,New
2026_1,630,Bedding,Pillowcase,7.0,New
2026_1,631,Bedding,Pillows,6.0,New
2026_1,631,Bedding,Pillowcase,21.0,New
2026_1,632,Bedding,Blankets/Comforters,2.0,New
2026_1,633,Bedding,Pillows,4.0,New
2026_1,633,Bedding,Pillowcase,12.0,New
2026_1,634,Bedding,Blankets/Comforters,3.0,New
2026_1,635,Bedding,Bed Sheets,26.0,New
2026_1,636,Bedding,Curtains,15.0,New
2026_1,637,Bedding,Blankets/Comforters,2.0,New
2026_1,638,Bedding,Pillows,6.0,New
2026_1,638,Bedding,Pillowcase,4.0,New
2026_1,639,Bedding,Pillows,5.0,New
2026_1,639,Bedding,Pillowcase,16.0,New
2026_1,640,Bedding,Pillows,4.0,New
2026_1,640,Bedding,Pillowcase,15.0,New
2026_1,641,Bedding,Bed Sheets,24.0,New
2026_1,642,Bedding,Blankets/Comforters,2.0,New
2026_1,643,Bedding,Blankets/Comforters,3.0,New
2026_1,644,Bedding,Bed Sheets,14.0,New
2026_1,645,Bedding,Blankets/Comforters,3.0,New
2026_1,646,Bedding,Pillows,6.0,New
2026_1,646,Bedding,Pillowcase,13.0,New
2026_1,647,Bedding,Pillows,8.0,New
2026_1,647,Bedding,Pillowcase,15.0,New
2026_1,648,Bedding,Blankets/Comforters,3.0,New
2026_1,649,Bedding,Blankets/Comforters,3.0,New
2026_1,650,Bedding,Blankets/Comforters,3.0,New
2026_1,651,Bedding,Blankets/Comforters,2.0,New
2026_1,652,Bedding,Pillows,4.0,New
2026_1,652,Bedding,Pillowcase,22.0,New
2026_1,653,Bedding,Blankets/Comforters,3.0,New
2026_1,654,Bedding,Bed Sheets,27.0,New
2026_1,655,Bedding,Bed Sheets,17.0,New
2026_1,656,Bedding,Bed Sheets,20.0,New
2026_1,657,Bedding,Pillows,8.0,New
2026_1,657,Bedding,Pillowcase,8.0,New
2026_1,658,Bedding,Pillows,8.0,New
2026_1,658,Bedding,Pillowcase,8.0,New
2026_1,659,Bedding,Pillows,8.0,New
2026_1,659,Bedding,Pillowcase,8.0,New
2026_1,660,Bedding,Pillows,6.0,New
2026_1,661,Bedding,Blankets/Comforters,3.0,New
2026_1,662,Bedding,Blankets/Comforters,2.0,New
2026_1,663,Bedding,Pillows,5.0,New
2026_1,663,Bedding,Pillowcase,4.0,New
2026_1,664,Bedding,Pillows,4.0,New
2026_1,664,Bedding,Pillowcase,4.0,New
2026_1,665,Bedding,Pillows,6.0,New
2026_1,665,Bedding,Pillowcase,6.0,New
2026_1,666,Bedding,Towels,31.0,New
2026_1,667,Bedding,Blankets/Comforters,2.0,New
2026_1,668,Bedding,Bed Sheets,22.0,New
2026_1,669,Bedding,Blankets/Comforters,3.0,New
2026_1,670,Bedding,Blankets/Comforters,2.0,New
2026_1,671,Bedding,Blankets/Comforters,3.0,New
2026_1,672,Bedding,Blankets/Comforters,3.0,New
2026_1,673,Bedding,Pillows,8.0,New
2026_1,673,Bedding,Pillowcase,8.0,New
2026_1,674,Bedding,Blankets/Comforters,2.0,New
2026_1,675,Bedding,Blankets/Comforters,2.0,New
2026_1,676,Bedding,Blankets/Comforters,3.0,New
2026_1,677,Bedding,Bed Sheets,25.0,New
2026_1,678,Bedding,Pillows,13.0,New
2026_1,679,Bedding,Blankets/Comforters,3.0,New
2026_1,680,Bedding,Blankets/Comforters,3.0,New
2026_1,681,Bedding,Pillows,5.0,New
2026_1,682,Bedding,Pillows,7.0,New
2026_1,682,Bedding,Pillowcase,4.0,New
2026_1,683,Bedding,Pillows,9.0,New
2026_1,684,Bedding,Pillows,7.0,New
2026_1,684,Bedding,Pillowcase,10.0,New
2026_1,685,Bedding,Blankets/Comforters,3.0,New
2026_1,686,Bedding,Curtains,17.0,New
2026_1,687,Bedding,Bed Sheets,26.0,New
2026_1,688,Bedding,Bed Sheets,26.0,New
2026_1,689,Bedding,Pillows,10.0,New
2026_1,689,Bedding,Pillowcase,27.0,New
2026_1,690,Bedding,Blankets/Comforters,3.0,New
2026_1,691,Bedding,Blankets/Comforters,4.0,New
2026_1,692,Bedding,Blankets/Comforters,3.0,New
2026_1,693,Bedding,Pillows,8.0,New
2026_1,693,Bedding,Pillowcase,10.0,New
2026_1,694,Bedding,Blankets/Comforters,3.0,New
2026_1,695,Bedding,Blankets/Comforters,3.0,New
2026_1,696,Bedding,Pillows,10.0,New
2026_1,696,Bedding,Pillowcase,10.0,New
2026_1,697,Household,Hangers,175.0,New
2026_1,698,Bedding,Pillowcase,171.0,New
2026_1,699,Bedding,Bed Sheets,30.0,New
2026_1,700,Bedding,Blankets/Comforters,2.0,New
2026_1,701,Bedding,Blankets/Comforters,2.0,New
2026_1,702,Bedding,Pillows,8.0,New
2026_1,702,Bedding,Pillowcase,8.0,New
2026_1,703,Bedding,Blankets/Comforters,2.0,New
2026_1,704,Bedding,Pillows,8.0,New
2026_1,704,Bedding,Pillowcase,14.0,New
2026_1,705,Bedding,Blankets/Comforters,2.0,New
2026_1,706,Bedding,Pillows,8.0,New
2026_1,706,Bedding,Pillowcase,8.0,New
2026_1,707,Bedding,Blankets/Comforters,3.0,New
2026_1,708,Bedding,Blankets/Comforters,2.0,New
2026_1,709,Bedding,Bed Sheets,26.0,New
2026_2,1,Household,Hangers,218.0,New
2026_2,2,Western,Women Pants,65.0,Used
2026_2,3,Western,Women Pants,28.0,Used
2026_2,4,Western,Men Pants,44.0,Used
2026_2,5,Bedding,Curtains,25.0,New
2026_2,6,Western,Men Jackets,29.0,Used
2026_2,7,Western,Men Shirts,65.0,Used
2026_2,8,Asian,Women Scarves,86.0,Used
2026_2,9,Asian,Women Bridal,25.0,Used
2026_2,10,Accessories,Purses,29.0,Used
2026_2,11,Western,Men Pants,53.0,Used
2026_2,12,Western,Men Shoes,33.0,Used
2026_2,13,Western,Women Dresses,53.0,Used
2026_2,14,Bedding,Towels,68.0,New
2026_2,15,Western,Men Pants,28.0,Used
2026_2,16,Western,Men Jackets,32.0,Used
2026_2,17,Bedding,Towels,24.0,New
2026_2,18,Accessories,Backpacks,22.0,Used
2026_2,19,Asian,Men Shirts,67.0,Used
2026_2,20,Hygiene,Adult Diapers,11.0,New
2026_2,21,Asian,Women 3Pc Set,20.0,Used
2026_2,22,Western,Men Shirts,85.0,Used
2026_2,23,Asian,Women Shirts,56.0,Used
2026_2,24,Western,Men Shirts,80.0,Used
2026_2,25,Western,Women Shirts,76.0,Used
2026_2,26,Bedding,Towels,50.0,New
2026_2,27,Western,Women Shirts,92.0,Used
2026_2,28,Accessories,Purses,58.0,Used
2026_2,29,Bedding,Curtains,20.0,New
2026_2,30,Toys,No Battery,32.0,Used
2026_2,31,Bedding,Towels,46.0,New
2026_2,32,Bedding,Towels,40.0,New
2026_2,33,Bedding,Towels,45.0,New
2026_2,34,Bedding,Blankets/Comforters,4.0,New
2026_2,35,Western,Men Pants,50.0,Used
2026_2,36,Bedding,Towels,45.0,New
2026_2,37,Asian,Women Abayas,39.0,Used
2026_2,38,Western,Men Pants,38.0,Used
2026_2,39,Bedding,Blankets/Comforters,3.0,New
2026_2,40,Bedding,Towels,21.0,New
2026_2,41,Asian,Women 3Pc Set,25.0,Used
2026_2,42,Bedding,Towels,36.0,New
2026_2,43,Bedding,Towels,42.0,New
2026_2,44,Bedding,Towels,43.0,New
2026_2,45,Asian,Men Shirts,55.0,Used
2026_2,46,Western,Men Jackets,23.0,Used
2026_2,47,Household,Hangers,190.0,New
2026_2,48,Western,Men Jackets,17.0,Used
2026_2,49,Asian,Women Scarves,120.0,Used
2026_2,50,Asian,Women Bridal,22.0,Used
2026_2,51,Hygiene,Adult Diapers,8.0,New
2026_2,52,Asian,Women 2Pc Set,36.0,Used
2026_2,53,Hygiene,Adult Diapers,8.0,New
2026_2,54,Western,Men Pants,49.0,Used
2026_2,55,Western,Women Jackets,30.0,Used
2026_2,56,Western,Men Shirts,108.0,Used
2026_2,57,Western,Women Shirts,69.0,Used
2026_2,58,Asian,Women 3Pc Set,32.0,Used
2026_2,59,Asian,Women Shirts,76.0,Used
2026_2,60,Asian,Women Pants,75.0,Used
2026_2,61,Western,Women Shoes,32.0,Used
2026_2,62,Western,Women Jackets,33.0,Used
2026_2,63,Hygiene,Adult Diapers,8.0,Used
2026_2,64,Western,Women Shirts,81.0,Used
2026_2,65,Western,Women Dresses,47.0,Used
2026_2,66,Asian,Women 2Pc Set,37.0,Used
2026_2,67,Western,Men Shirts,82.0,Used
2026_2,68,Children,Babies Under 3,191.0,Used
2026_2,69,Asian,Men Set,48.0,Used
2026_2,70,Western,Men Shoes,21.0,Used
2026_2,71,Western,Women Pants,60.0,Used
2026_2,72,Western,Men Jackets,31.0,Used
2026_2,73,Children,Baby Jackets,7.0,New
2026_2,74,Bedding,Pillows,13.0,New
2026_2,75,Western,Men Shirts,73.0,New
2026_2,76,Asian,Women Bridal,26.0,Used
2026_2,77,Asian,Women 2Pc Set,39.0,Used
2026_2,78,Western,Men Shirts,93.0,Used
2026_2,79,Western,Men Pants,52.0,Used
2026_2,80,Western,Women Shirts,75.0,Used
2026_2,81,Children,Babies Under 3,156.0,Used
2026_2,82,Western,Women Shoes,32.0,Used
2026_2,83,Western,Men Jackets,28.0,Used
2026_2,84,Children,Baby Jackets,10.0,New
2026_2,85,Children,Baby Jackets,10.0,New
2026_2,86,Bedding,Pillows,7.0,New
2026_2,86,Bedding,Pillowcase,17.0,New
2026_2,87,Western,Men Jackets,22.0,New
2026_2,88,Western,Women Jackets,26.0,New
2026_2,89,Western,Men Pants,56.0,Used
2026_2,90,Bedding,Curtains,19.0,New
2026_2,91,Western,Women Shirts,104.0,Used
2026_2,92,Bedding,Curtains,15.0,New
2026_2,93,Western,Women Pants,63.0,Used
2026_2,94,Western,Men Shirts,91.0,Used
2026_2,95,Western,Women Jackets,29.0,Used
2026_2,96,Western,Men Shoes,27.0,Used
2026_2,97,Western,Men Pants,50.0,Used
2026_2,98,Western,Men Shirts,88.0,Used
2026_2,99,Asian,Women Shirts,75.0,Used
2026_2,100,Western,Women Pants,72.0,Used
2026_2,101,Western,Women Pants,60.0,Used
2026_2,102,Western,Women Dresses,45.0,Used
2026_2,103,Western,Women Pants,70.0,Used
2026_2,104,Children,Babies Under 3,153.0,Used
2026_2,105,Western,Men Jackets,27.0,New
2026_2,106,Western,Men Jackets,26.0,New
2026_2,107,Western,Men Shirts,100.0,Used
2026_2,108,Western,Men Shirts,73.0,Used
2026_2,109,Western,Men Pants,40.0,Used
2026_2,110,Bedding,Blankets/Comforters,3.0,New
2026_2,111,Bedding,Bed Sheets,26.0,New
2026_2,112,Bedding,Bed Sheets,20.0,New
2026_2,113,Bedding,Blankets/Comforters,2.0,New
2026_2,114,Bedding,Blankets/Comforters,3.0,New
2026_2,115,Bedding,Blankets/Comforters,2.0,New
2026_2,116,Bedding,Blankets/Comforters,2.0,New
2026_2,117,Bedding,Blankets/Comforters,3.0,New
2026_2,118,Bedding,Blankets/Comforters,2.0,New
2026_2,119,Bedding,Pillows,10.0,New
2026_2,119,Bedding,Pillowcase,4.0,New
2026_2,120,Bedding,Bed Sheets,18.0,New
2026_2,121,Bedding,Blankets/Comforters,2.0,New
2026_2,122,Bedding,Pillows,13.0,New
2026_2,122,Bedding,Pillowcase,13.0,New
2026_2,123,Bedding,Blankets/Comforters,2.0,New
2026_2,124,Bedding,Blankets/Comforters,2.0,New
2026_2,125,Bedding,Blankets/Comforters,2.0,New
2026_2,126,Bedding,Blankets/Comforters,2.0,New
2026_2,127,Bedding,Blankets/Comforters,3.0,New
2026_2,128,Bedding,Pillows,13.0,New
2026_2,129,Bedding,Blankets/Comforters,2.0,New
2026_2,130,Bedding,Blankets/Comforters,2.0,New
2026_2,131,Bedding,Blankets/Comforters,3.0,New
2026_2,132,Bedding,Pillows,12.0,New
2026_2,133,Children,Baby Jackets,12.0,New
2026_2,134,Western,Women Jackets,27.0,Used
2026_2,135,Western,Men Pants,44.0,Used
2026_2,136,Bedding,Blankets/Comforters,4.0,New
2026_2,137,Western,Women Shirts,93.0,Used
2026_2,138,Asian,Men Shirts,61.0,Used
2026_2,139,Western,Women Jackets,35.0,Used
2026_2,140,Bedding,Pillows,8.0,New
2026_2,140,Bedding,Pillowcase,8.0,New
2026_2,141,Western,Women Pants,40.0,Used
2026_2,142,Western,Women Pants,62.0,Used
2026_2,143,Western,Women Pants,48.0,Used
2026_2,144,Western,Women Jackets,28.0,Used
2026_2,145,Western,Women Shirts,76.0,Used
2026_2,146,Western,Women Shirts,73.0,Used
2026_2,147,Western,Men Shirts,93.0,Used
2026_2,148,Western,Women Pants,57.0,Used
2026_2,149,Western,Men Jackets,12.0,Used
2026_2,150,Western,Women Dresses,49.0,Used
2026_2,151,Children,Babies Under 3,139.0,Used
2026_2,152,Asian,Women 3Pc Set,22.0,Used
2026_2,153,Asian,Women Scarves,148.0,Used
2026_2,154,Asian,Men Pants,66.0,Used
2026_2,155,Western,Men Pants,53.0,Used
2026_2,156,Western,Women Jackets,19.0,Used
2026_2,157,Western,Women Shirts,91.0,Used
2026_2,158,Bedding,Blankets/Comforters,3.0,New
2026_2,159,Bedding,Pillows,10.0,New
2026_2,159,Bedding,Pillowcase,10.0,New
2026_2,160,Bedding,Blankets/Comforters,4.0,New
2026_2,161,Bedding,Blankets/Comforters,3.0,New
2026_2,162,Bedding,Blankets/Comforters,3.0,New
2026_2,163,Bedding,Bed Sheets,20.0,New
2026_2,164,Bedding,Pillows,7.0,New
2026_2,164,Bedding,Pillowcase,7.0,New
2026_2,165,Bedding,Blankets/Comforters,3.0,New
2026_2,166,Bedding,Blankets/Comforters,3.0,New
2026_2,167,Household,Hangers,215.0,New
2026_2,168,Bedding,Pillows,7.0,New
2026_2,168,Bedding,Pillowcase,7.0,New
2026_2,169,Bedding,Pillows,6.0,New
2026_2,169,Bedding,Pillowcase,6.0,New
2026_2,170,Bedding,Blankets/Comforters,3.0,New
2026_2,171,Bedding,Pillows,10.0,New
2026_2,171,Bedding,Pillowcase,10.0,New
2026_2,172,Bedding,Pillows,9.0,New
2026_2,172,Bedding,Pillowcase,9.0,New
2026_2,173,Household,Hangers,261.0,New
2026_2,174,Bedding,Pillows,3.0,New
2026_2,174,Bedding,Pillowcase,141.0,New
2026_2,175,Household,Hangers,196.0,New
2026_2,176,Bedding,Blankets/Comforters,3.0,New
2026_2,177,Bedding,Blankets/Comforters,2.0,New
2026_2,178,Bedding,Blankets/Comforters,3.0,New
2026_2,179,Bedding,Bed Sheets,19.0,New
2026_2,180,Bedding,Bed Sheets,22.0,New
2026_2,181,Bedding,Pillows,9.0,New
2026_2,181,Bedding,Pillowcase,13.0,New
2026_2,182,Bedding,Blankets/Comforters,3.0,New
2026_2,183,Bedding,Blankets/Comforters,3.0,New
2026_2,184,Bedding,Blankets/Comforters,3.0,New
2026_2,185,Bedding,Blankets/Comforters,3.0,New
2026_2,186,Bedding,Pillows,9.0,New
2026_2,186,Bedding,Pillowcase,9.0,New
2026_2,187,Bedding,Blankets/Comforters,3.0,New
2026_2,188,Bedding,Pillows,7.0,New
2026_2,188,Bedding,Pillowcase,7.0,New
2026_2,189,Bedding,Pillows,7.0,New
2026_2,189,Bedding,Pillowcase,7.0,New
2026_2,190,Bedding,Curtains,26.0,New
2026_2,191,Bedding,Bed Sheets,20.0,New
2026_2,192,Bedding,Bed Sheets,21.0,New
2026_2,193,Bedding,Blankets/Comforters,3.0,New
2026_2,194,Bedding,Pillows,7.0,New
2026_2,194,Bedding,Pillowcase,7.0,New
2026_2,195,Bedding,Blankets/Comforters,3.0,New
2026_2,196,Bedding,Blankets/Comforters,3.0,New
2026_2,197,Bedding,Bed Sheets,22.0,New
2026_2,198,Bedding,Blankets/Comforters,4.0,New
2026_2,199,Bedding,Pillows,6.0,New
2026_2,199,Bedding,Pillowcase,6.0,New
2026_2,200,Bedding,Bed Sheets,22.0,New
2026_2,201,Bedding,Blankets/Comforters,3.0,New
2026_2,202,Bedding,Curtains,21.0,New
2026_2,203,Bedding,Bed Sheets,22.0,New
2026_2,204,Bedding,Bed Sheets,20.0,New
2026_2,205,Bedding,Blankets/Comforters,3.0,New
2026_2,207,Bedding,Blankets/Comforters,3.0,New
2026_2,208,Bedding,Blankets/Comforters,4.0,New
2026_2,210,Bedding,Blankets/Comforters,3.0,New
2026_2,211,Bedding,Blankets/Comforters,3.0,New
2026_2,212,Bedding,Pillows,10.0,New
2026_2,213,Bedding,Blankets/Comforters,3.0,New
2026_2,214,Western,Women Shirts,63.0,New
2026_2,215,Western,Men Shirts,51.0,New
2026_2,216,Bedding,Blankets/Comforters,6.0,New
2026_2,217,Bedding,Pillows,11.0,New
2026_2,217,Bedding,Pillowcase,11.0,New
2026_2,218,Bedding,Blankets/Comforters,3.0,New
2026_2,219,Bedding,Blankets/Comforters,3.0,New
2026_2,220,Bedding,Pillows,13.0,New
2026_2,220,Bedding,Pillowcase,13.0,New
2026_2,221,Bedding,Pillows,10.0,New
2026_2,221,Bedding,Pillowcase,10.0,New
2026_2,222,Bedding,Blankets/Comforters,3.0,New
2026_2,223,Bedding,Pillows,10.0,New
2026_2,223,Bedding,Pillowcase,10.0,New
2026_2,224,Bedding,Blankets/Comforters,3.0,New
2026_2,225,Bedding,Pillows,10.0,New
2026_2,225,Bedding,Pillowcase,10.0,New
2026_2,226,Bedding,Bed Sheets,21.0,New
2026_2,227,Bedding,Bed Sheets,21.0,New
2026_2,228,Bedding,Bed Sheets,25.0,New
2026_2,229,Bedding,Bed Sheets,22.0,New
2026_2,230,Western,Women Shirts,67.0,New
2026_2,231,Bedding,Bed Sheets,23.0,New
2026_2,232,Bedding,Bed Sheets,22.0,New
2026_2,233,Bedding,Blankets/Comforters,3.0,New
2026_2,234,Western,Men Pants,39.0,Used
2026_2,235,Bedding,Bed Sheets,22.0,New
2026_2,236,Bedding,Pillows,8.0,New
2026_2,236,Bedding,Pillowcase,9.0,New
2026_2,237,Household,Hangers,175.0,New
2026_2,238,Bedding,Blankets/Comforters,3.0,New
2026_2,239,Asian,Women 2Pc Set,39.0,Used
2026_2,240,Bedding,Curtains,20.0,New
2026_2,241,Accessories,Backpacks,11.0,Used
2026_2,242,Western,Women Dresses,51.0,Used
2026_2,243,Western,Men Pants,51.0,Used
2026_2,244,Western,Men Pants,43.0,Used
2026_2,245,Western,Women Pants,63.0,Used
2026_2,246,Bedding,Blankets/Comforters,3.0,Used
2026_2,247,Asian,Women 3Pc Set,19.0,Used
2026_2,248,Bedding,Curtains,25.0,Used
2026_2,249,Western,Women Shoes,26.0,Used
2026_2,250,Western,Men Shirts,83.0,Used
2026_2,251,Bedding,Blankets/Comforters,2.0,Used
2026_2,252,Asian,Women Bridal,28.0,Used
2026_2,253,Western,Women Shirts,94.0,Used
2026_2,254,Asian,Women Shirts,77.0,Used
2026_2,255,Bedding,Blankets/Comforters,3.0,Used
2026_2,256,Western,Men Pants,47.0,Used
2026_2,257,Western,Men Shirts,79.0,Used
2026_2,258,Western,Women Shirts,82.0,Used
2026_2,259,Western,Men Shoes,20.0,Used
2026_2,260,Bedding,Bed Sheets,22.0,Used
2026_2,261,Bedding,Bed Sheets,22.0,Used
2026_2,262,Bedding,Curtains,40.0,New
2026_2,263,Bedding,Pillows,8.0,New
2026_2,263,Bedding,Pillowcase,9.0,New
2026_2,264,Bedding,Blankets/Comforters,3.0,New
2026_2,265,Bedding,Pillows,8.0,New
2026_2,265,Bedding,Pillowcase,8.0,New
2026_2,266,Asian,Women Bridal,25.0,Used
2026_2,267,Western,Women Shoes,34.0,Used
2026_2,268,Bedding,Pillows,2.0,Used
2026_2,268,Bedding,Pillowcase,112.0,Used
2026_2,269,Bedding,Bed Sheets,29.0,New
2026_2,270,Asian,Women Scarves,200.0,Used
2026_2,271,Bedding,Pillows,5.0,New
2026_2,271,Bedding,Pillowcase,53.0,New
2026_2,272,Western,Men Shirts,72.0,Used
2026_2,273,Toys,No Battery,48.0,Used
2026_2,274,Western,Women Jackets,23.0,Used
2026_2,275,Bedding,Blankets/Comforters,3.0,New
2026_2,276,Bedding,Blankets/Comforters,3.0,New
2026_2,277,Bedding,Blankets/Comforters,3.0,New
2026_2,278,Bedding,Blankets/Comforters,3.0,New
2026_2,279,Bedding,Blankets/Comforters,3.0,New
2026_2,280,Bedding,Blankets/Comforters,2.0,New
2026_2,281,Bedding,Pillows,3.0,New
2026_2,281,Bedding,Pillowcase,26.0,New
2026_2,282,Asian,Women Bridal,26.0,Used
2026_2,283,Asian,Women 3Pc Set,23.0,Used
2026_2,284,Western,Women Pants,50.0,Used
2026_2,285,Western,Women Shirts,80.0,Used
2026_2,286,Western,Men Shoes,22.0,Used
2026_2,287,Western,Men Shirts,78.0,Used
2026_2,288,Asian,Women Pants,73.0,Used
2026_2,289,Asian,Women Bridal,26.0,Used
2026_2,290,Asian,Women Shirts,69.0,Used
2026_2,291,Western,Men Jackets,19.0,Used
2026_2,292,Western,Women Pants,78.0,Used
2026_2,293,Western,Women Jackets,28.0,Used
2026_2,294,Asian,Women Scarves,81.0,Used
2026_2,295,Bedding,Blankets/Comforters,5.0,Used
2026_2,296,Western,Men Pants,48.0,Used
2026_2,297,Western,Men Shirts,75.0,Used
2026_2,298,Western,Women Shirts,97.0,Used
2026_2,299,Asian,Women 2Pc Set,33.0,Used
2026_2,300,Asian,Women Scarves,93.0,Used
2026_2,301,Asian,Men Set,29.0,Used
2026_2,302,Bedding,Blankets/Comforters,5.0,Used
2026_2,303,Bedding,Bed Sheets,26.0,Used
2026_2,304,Children,Babies Under 3,271.0,Used
2026_2,305,Asian,Women 2Pc Set,32.0,Used
2026_2,306,Bedding,Pillows,6.0,New
2026_2,306,Bedding,Pillowcase,19.0,New
2026_2,307,Western,Men Shirts,78.0,Used
2026_2,308,Asian,Women 3Pc Set,22.0,Used
2026_2,309,Western,Men Pants,45.0,Used
2026_2,310,Western,Men Shoes,9.0,Used
2026_2,311,Bedding,Bed Sheets,28.0,Used
2026_2,312,Asian,Women Pants,80.0,Used
2026_2,313,Household,Hangers,176.0,Used
2026_2,314,Asian,Women Abayas,41.0,Used
2026_2,315,Bedding,Curtains,18.0,New
2026_2,316,Western,Women Dresses,45.0,Used
2026_2,317,Western,Men Jackets,22.0,Used
2026_2,318,Bedding,Bed Sheets,17.0,New
2026_2,319,Bedding,Blankets/Comforters,3.0,New
2026_2,320,Bedding,Curtains,25.0,New
2026_2,321,Bedding,Towels,43.0,New
2026_2,322,Bedding,Curtains,18.0,New
2026_2,323,Asian,Women 3Pc Set,26.0,Used
2026_2,324,Accessories,Purses,31.0,New
2026_2,325,Bedding,Blankets/Comforters,5.0,New
2026_2,326,Bedding,Pillows,7.0,New
2026_2,326,Bedding,Pillowcase,65.0,New
2026_2,327,Household,Hangers,221.0,New
2026_2,328,Asian,Women Shirts,68.0,Used
2026_2,329,Accessories,Backpacks,12.0,Used
2026_2,330,Household,Hangers,200.0,New
2026_2,331,Bedding,Curtains,21.0,New
2026_2,332,Asian,Women 2Pc Set,38.0,Used
2026_2,333,Accessories,Purses,40.0,Used
2026_2,334,Western,Men Shirts,106.0,Used
2026_2,335,Bedding,Pillows,7.0,New
2026_2,336,Bedding,Pillows,10.0,New
2026_2,337,Bedding,Blankets/Comforters,3.0,New
2026_2,338,Bedding,Pillows,7.0,New
2026_2,339,Bedding,Blankets/Comforters,2.0,New
2026_2,340,Bedding,Blankets/Comforters,3.0,New
2026_2,341,Bedding,Blankets/Comforters,3.0,New
2026_2,342,Bedding,Blankets/Comforters,3.0,New
2026_2,343,Bedding,Pillows,9.0,New
2026_2,343,Bedding,Pillowcase,9.0,New
2026_2,344,Bedding,Pillows,8.0,New
2026_2,344,Bedding,Pillowcase,20.0,New
2026_2,345,Bedding,Bed Sheets,22.0,New
2026_2,346,Bedding,Towels,21.0,New
2026_2,347,Bedding,Blankets/Comforters,3.0,New
2026_2,348,Bedding,Bed Sheets,21.0,New
2026_2,349,Bedding,Pillows,10.0,New
2026_2,350,Bedding,Pillows,10.0,New
2026_2,351,Bedding,Bed Sheets,25.0,New
2026_2,352,Bedding,Blankets/Comforters,3.0,New
2026_2,353,Bedding,Blankets/Comforters,3.0,New
2026_2,354,Bedding,Bed Sheets,25.0,New
2026_2,355,Household,Hangers,117.0,New
2026_2,356,Bedding,Blankets/Comforters,3.0,New
2026_2,357,Bedding,Bed Sheets,20.0,New
2026_2,358,Bedding,Blankets/Comforters,3.0,New
2026_2,359,Bedding,Blankets/Comforters,3.0,New
2026_2,360,Asian,Women Shirts,76.0,Used
2026_2,361,Bedding,Blankets/Comforters,2.0,New
2026_2,362,Asian,Women Scarves,102.0,Used
2026_2,363,Western,Men Shirts,80.0,Used
2026_2,364,Western,Women Pants,52.0,Used
2026_2,365,Western,Women Jackets,24.0,Used
2026_2,366,Western,Women Jackets,18.0,Used
2026_2,367,Asian,Women 3Pc Set,19.0,Used
2026_2,368,Children,Babies Under 3,142.0,Used
2026_2,369,Asian,Women Scarves,98.0,Used
2026_2,370,Asian,Women 2Pc Set,27.0,Used
2026_2,371,Bedding,Pillows,6.0,New
2026_2,372,Asian,Women Bridal,34.0,Used
2026_2,373,Bedding,Pillows,9.0,New
2026_2,374,Toys,No Battery,20.0,Used
2026_2,375,Western,Women Dresses,50.0,Used
2026_2,376,Asian,Men Shirts,57.0,Used
2026_2,377,Asian,Women Pants,70.0,Used
2026_2,378,Toys,No Battery,41.0,Used
2026_2,379,Bedding,Blankets/Comforters,3.0,New
2026_2,380,Household,Hangers,175.0,New
2026_2,381,Western,Women Shirts,98.0,Used
2026_2,382,Western,Men Shirts,98.0,Used
2026_2,383,Bedding,Blankets/Comforters,3.0,New
2026_2,384,Household,Hangers,163.0,New
2026_2,385,Bedding,Pillows,4.0,New
2026_2,385,Bedding,Pillowcase,11.0,New
2026_2,386,Bedding,Pillows,8.0,New
2026_2,386,Bedding,Pillowcase,60.0,New
2026_2,387,Bedding,Blankets/Comforters,3.0,New
2026_2,388,Bedding,Pillows,5.0,New
2026_2,388,Bedding,Pillowcase,51.0,New
2026_2,389,Bedding,Bed Sheets,25.0,New
2026_2,390,Bedding,Blankets/Comforters,3.0,New
2026_2,391,Bedding,Pillows,18.0,New
2026_2,391,Bedding,Pillowcase,30.0,New
2026_2,392,Bedding,Blankets/Comforters,3.0,New
2026_2,393,Bedding,Bed Sheets,25.0,New
2026_2,394,Bedding,Bed Sheets,26.0,New
2026_2,395,Bedding,Bed Sheets,25.0,New
2026_2,396,Bedding,Blankets/Comforters,3.0,New
2026_2,397,Bedding,Blankets/Comforters,3.0,New
2026_2,398,Bedding,Pillows,5.0,New
2026_2,399,Bedding,Blankets/Comforters,3.0,New
2026_2,400,Bedding,Blankets/Comforters,3.0,New
2026_2,401,Bedding,Pillowcase,200.0,New
2026_2,402,Bedding,Blankets/Comforters,3.0,New
2026_2,403,Bedding,Pillows,8.0,New
2026_2,404,Bedding,Bed Sheets,25.0,New
2026_2,405,Bedding,Bed Sheets,25.0,New
2026_2,406,Bedding,Bed Sheets,30.0,New
2026_2,407,Bedding,Pillows,6.0,New
2026_2,408,Bedding,Pillows,7.0,New
2026_2,409,Bedding,Blankets/Comforters,3.0,New
2026_2,410,Bedding,Blankets/Comforters,3.0,New
2026_2,411,Bedding,Blankets/Comforters,3.0,New
2026_2,412,Bedding,Blankets/Comforters,3.0,New
2026_2,413,Bedding,Pillows,9.0,New
2026_2,414,Bedding,Blankets/Comforters,3.0,New
2026_2,415,Bedding,Pillows,6.0,New
2026_2,416,Bedding,Curtains,20.0,New
2026_2,417,Bedding,Bed Sheets,25.0,New
2026_2,418,Bedding,Bed Sheets,25.0,New
2026_2,419,Bedding,Pillows,5.0,New
2026_2,419,Bedding,Pillowcase,10.0,New
2026_2,420,Asian,Men Shirts,60.0,Used
2026_2,421,Western,Women Jackets,25.0,Used
2026_2,422,Asian,Women 2Pc Set,39.0,Used
2026_2,423,Bedding,Blankets/Comforters,12.0,New
2026_2,424,Accessories,Backpacks,10.0,Used
2026_2,425,Asian,Men Thobe,42.0,Used
2026_2,426,Toys,No Battery,41.0,Used
2026_2,427,Bedding,Pillows,9.0,New
2026_2,427,Bedding,Pillowcase,31.0,New
2026_2,428,Asian,Women 3Pc Set,32.0,Used
2026_2,429,Accessories,Scarves,112.0,Used
2026_2,430,Accessories,Purses,47.0,Used
2026_2,431,Western,Men Shirts,100.0,Used
2026_2,432,Western,Men Pants,69.0,Used
2026_2,433,Bedding,Pillows,5.0,Used
2026_2,434,Western,Women Shirts,84.0,Used
2026_2,435,Western,Women Shirts,95.0,Used
2026_2,436,Western,Women Jackets,24.0,Used
2026_2,437,Asian,Women 2Pc Set,27.0,Used
2026_2,438,Western,Women Jackets,28.0,Used
2026_2,439,Children,Babies Under 3,127.0,Used
2026_2,440,Western,Women Jackets,47.0,Used
2026_2,441,Bedding,Bed Sheets,33.0,Used
2026_2,442,Western,Men Pants,50.0,Used
2026_2,443,Bedding,Pillows,6.0,New
2026_2,443,Bedding,Pillowcase,18.0,New
2026_2,444,Bedding,Blankets/Comforters,3.0,New
2026_2,445,Bedding,Blankets/Comforters,2.0,New
2026_2,446,Bedding,Blankets/Comforters,3.0,New
2026_2,447,Bedding,Blankets/Comforters,2.0,New
2026_2,448,Bedding,Blankets/Comforters,3.0,New
2026_2,449,Bedding,Bed Sheets,20.0,New
2026_2,450,Bedding,Curtains,15.0,New
2026_2,451,Bedding,Pillows,6.0,New
2026_2,451,Bedding,Pillowcase,7.0,New
2026_2,452,Bedding,Bed Sheets,25.0,New
2026_2,453,Bedding,Bed Sheets,25.0,New
2026_2,454,Hygiene,Adult Diapers,96.0,New
2026_2,455,Hygiene,Adult Diapers,96.0,New
2026_2,456,Hygiene,Adult Diapers,96.0,New
2026_2,457,Hygiene,Adult Diapers,96.0,New
2026_2,458,Hygiene,Adult Diapers,120.0,New
2026_2,459,Hygiene,Adult Diapers,96.0,New
2026_2,460,Hygiene,Adult Diapers,64.0,New
2026_2,461,Hygiene,Adult Diapers,96.0,New
2026_2,463,Hygiene,Adult Diapers,72.0,New
2026_2,464,Hygiene,Adult Diapers,96.0,New
2026_2,465,Hygiene,Adult Diapers,96.0,New
2026_2,466,Hygiene,Adult Diapers,96.0,New
2026_2,467,Hygiene,Adult Diapers,72.0,New
2026_2,468,Hygiene,Adult Diapers,96.0,New
2026_2,469,Hygiene,Adult Diapers,120.0,New
2026_2,470,Hygiene,Adult Diapers,120.0,New
2026_2,471,Hygiene,Adult Diapers,96.0,New
2026_2,472,Hygiene,Adult Diapers,72.0,New
2026_2,473,Hygiene,Adult Diapers,72.0,New
2026_2,474,Hygiene,Adult Diapers,96.0,New
2026_2,475,Hygiene,Adult Diapers,96.0,New
2026_2,476,Hygiene,Adult Diapers,72.0,New
2026_2,477,Hygiene,Adult Diapers,120.0,New
2026_2,478,Hygiene,Adult Diapers,96.0,New
2026_2,479,Hygiene,Adult Diapers,96.0,New
2026_2,480,Hygiene,Adult Diapers,96.0,New
2026_2,481,Hygiene,Adult Diapers,96.0,New
2026_2,482,Children,Babies Under 3,196.0,Used
2026_2,483,Western,Men Shirts,86.0,Used
2026_2,484,Asian,Women Abayas,44.0,Used
2026_2,485,Western,Women Shoes,43.0,Used
2026_2,486,Accessories,Hats,120.0,New
2026_2,487,Asian,Women Shirts,68.0,Used
2026_2,488,Asian,Women 3Pc Set,25.0,Used
2026_2,489,Western,Women Pants,71.0,Used
2026_2,490,Hygiene,Adult Diapers,96.0,New
2026_2,491,Hygiene,Adult Diapers,96.0,New
2026_2,492,Hygiene,Adult Diapers,96.0,New
2026_2,493,Accessories,Purses,20.0,Used
2026_2,494,Hygiene,Adult Diapers,96.0,New
2026_2,495,Hygiene,Adult Diapers,96.0,New
2026_2,496,Children,Babies Under 3,156.0,Used
2026_2,497,Asian,Women 3Pc Set,31.0,Used
2026_2,498,Western,Women Shirts,72.0,Used
2026_2,499,Western,Men Jackets,28.0,Used
2026_2,500,Asian,Women 2Pc Set,44.0,Used
2026_2,501,Western,Men Shirts,80.0,Used
2026_2,502,Hygiene,Adult Diapers,96.0,New
2026_2,503,Hygiene,Adult Diapers,96.0,New
2026_2,504,Hygiene,Adult Diapers,72.0,New
2026_2,505,Bedding,Blankets/Comforters,3.0,New
2026_2,506,Bedding,Pillows,8.0,New
2026_2,506,Bedding,Pillowcase,9.0,New
2026_2,507,Bedding,Pillows,7.0,New
2026_2,507,Bedding,Pillowcase,25.0,New
2026_2,508,Bedding,Blankets/Comforters,2.0,New
2026_2,509,Bedding,Blankets/Comforters,3.0,New
2026_2,510,Bedding,Blankets/Comforters,3.0,New
2026_2,511,Bedding,Bed Sheets,28.0,New
2026_2,512,Bedding,Bed Sheets,27.0,New
2026_2,513,Bedding,Bed Sheets,25.0,New
2026_2,514,Bedding,Pillows,9.0,New
2026_2,514,Bedding,Pillowcase,31.0,New
2026_2,515,Western,Women Jackets,32.0,Used
2026_2,516,Bedding,Pillows,8.0,New
2026_2,517,Bedding,Pillows,7.0,New
2026_2,517,Bedding,Pillowcase,19.0,New
2026_2,518,Asian,Women Scarves,105.0,Used
2026_2,519,Bedding,Blankets/Comforters,12.0,Used
2026_2,520,Bedding,Pillows,11.0,New
2026_2,521,Western,Men Pants,57.0,Used
2026_2,522,Bedding,Blankets/Comforters,2.0,New
2026_2,523,Bedding,Bed Sheets,24.0,New
2026_2,524,Bedding,Curtains,21.0,New
2026_2,525,Bedding,Bed Sheets,23.0,New
2026_2,526,Bedding,Blankets/Comforters,3.0,New
2026_2,527,Bedding,Pillows,9.0,New
2026_2,528,Bedding,Blankets/Comforters,2.0,New
2026_2,529,Bedding,Pillows,4.0,New
2026_2,529,Bedding,Pillowcase,18.0,New
2026_2,530,Bedding,Blankets/Comforters,4.0,New
2026_2,531,Bedding,Pillows,4.0,New
2026_2,531,Bedding,Pillowcase,19.0,New
2026_2,532,Bedding,Bed Sheets,24.0,New
2026_2,533,Bedding,Pillows,11.0,New
2026_2,533,Bedding,Pillowcase,11.0,New
2026_2,534,Bedding,Pillows,7.0,New
2026_2,534,Bedding,Pillowcase,14.0,New
2026_2,535,Bedding,Bed Sheets,20.0,New
2026_2,536,Bedding,Bed Sheets,20.0,New
2026_2,537,Bedding,Pillows,9.0,New
2026_2,538,Bedding,Blankets/Comforters,3.0,New
2026_2,539,Bedding,Pillows,8.0,New
2026_2,540,Bedding,Blankets/Comforters,3.0,New
2026_2,541,Bedding,Blankets/Comforters,4.0,New
2026_2,542,Bedding,Blankets/Comforters,2.0,New
2026_2,543,Bedding,Pillows,11.0,New
2026_2,544,Bedding,Blankets/Comforters,3.0,New
2026_2,545,Bedding,Bed Sheets,40.0,New
2026_2,546,Bedding,Blankets/Comforters,3.0,New
2026_2,547,Bedding,Blankets/Comforters,3.0,New
2026_2,548,Household,Hangers,200.0,New
2026_2,549,Bedding,Pillows,8.0,New
2026_2,550,Bedding,Pillows,8.0,New
2026_2,551,Bedding,Blankets/Comforters,3.0,New
2026_2,552,Bedding,Blankets/Comforters,2.0,New
2026_2,553,Bedding,Blankets/Comforters,2.0,New
2026_2,554,Bedding,Pillows,6.0,New
2026_2,554,Bedding,Pillowcase,8.0,New
2026_2,555,Bedding,Pillows,7.0,New
2026_2,555,Bedding,Pillowcase,16.0,New
2026_2,556,Bedding,Blankets/Comforters,3.0,New
2026_2,558,Bedding,Curtains,26.0,New
2026_2,559,Bedding,Blankets/Comforters,3.0,New
2026_2,560,Bedding,Bed Sheets,24.0,New
2026_2,561,Bedding,Curtains,18.0,New
2026_2,562,Bedding,Bed Sheets,22.0,New
2026_2,563,Bedding,Pillows,7.0,New
2026_2,563,Bedding,Pillowcase,14.0,New
2026_2,564,Bedding,Blankets/Comforters,3.0,New
2026_2,565,Bedding,Blankets/Comforters,3.0,New
2026_2,566,Bedding,Blankets/Comforters,3.0,New
2026_2,567,Bedding,Blankets/Comforters,3.0,New
2026_2,568,Bedding,Blankets/Comforters,3.0,New
2026_2,569,Bedding,Pillows,9.0,New
2026_2,570,Bedding,Pillows,7.0,New
2026_2,570,Bedding,Pillowcase,2.0,New
2026_2,571,Bedding,Pillows,9.0,New
2026_2,571,Bedding,Pillowcase,10.0,New
2026_2,572,Bedding,Bed Sheets,25.0,New
2026_2,573,Bedding,Bed Sheets,22.0,New
2026_2,574,Bedding,Bed Sheets,21.0,New
2026_2,575,Bedding,Blankets/Comforters,4.0,New
2026_2,576,Bedding,Pillows,6.0,New
2026_2,576,Bedding,Pillowcase,7.0,New
2026_2,577,Bedding,Blankets/Comforters,3.0,New
2026_2,578,Bedding,Blankets/Comforters,4.0,New
2026_2,579,Western,Women Shirts,113.0,Used
2026_2,580,Bedding,Bed Sheets,25.0,New
2026_2,581,Bedding,Towels,30.0,New
2026_2,582,Asian,Women 2Pc Set,42.0,Used
2026_2,583,Asian,Women 3Pc Set,30.0,Used
2026_2,584,Bedding,Bed Sheets,20.0,New
2026_2,585,Children,Babies Under 3,136.0,Used
2026_2,586,Asian,Women Bridal,26.0,Used
2026_2,587,Bedding,Blankets/Comforters,7.0,New
2026_2,588,Bedding,Pillows,9.0,New
2026_2,588,Bedding,Pillowcase,21.0,New
2026_2,589,Western,Men Jackets,18.0,Used
2026_2,590,Western,Men Pants,49.0,Used
2026_2,591,Bedding,Pillows,6.0,New
2026_2,591,Bedding,Pillowcase,82.0,New
2026_2,592,Bedding,Blankets/Comforters,4.0,New
2026_2,593,Bedding,Bed Sheets,30.0,New
2026_2,594,Bedding,Bed Sheets,33.0,New
2026_2,595,Western,Women Shirts,86.0,Used
2026_2,596,Bedding,Bed Sheets,33.0,New
2026_2,597,Bedding,Bed Sheets,33.0,New
2026_2,598,Bedding,Bed Sheets,31.0,New
2026_2,599,Bedding,Bed Sheets,31.0,New
2026_2,600,Bedding,Blankets/Comforters,2.0,New
2026_2,601,Hygiene,Diapers,2.0,New
2026_2,601,Hygiene,Underpads,10.0,New
2026_2,602,Bedding,Pillows,7.0,New
2026_2,603,Bedding,Blankets/Comforters,3.0,New
2026_2,604,Bedding,Blankets/Comforters,4.0,New
2026_2,605,Bedding,Blankets/Comforters,3.0,New
2026_2,606,Bedding,Pillows,5.0,New
2026_2,607,Bedding,Bed Sheets,18.0,New
2026_2,608,Bedding,Blankets/Comforters,3.0,New
2026_2,609,Asian,Women Shirts,60.0,Used
2026_2,610,Western,Men Shirts,62.0,Used
2026_2,611,Bedding,Bed Sheets,20.0,New
2026_2,612,Bedding,Blankets/Comforters,2.0,New
2026_2,613,Bedding,Pillows,10.0,New
2026_2,614,Bedding,Pillows,9.0,New
2026_2,615,Bedding,Bed Sheets,22.0,New
2026_2,616,Bedding,Blankets/Comforters,3.0,New
2026_2,617,Bedding,Blankets/Comforters,3.0,New
2026_2,618,Bedding,Curtains,19.0,New
2026_2,619,Bedding,Bed Sheets,22.0,New
2026_2,620,Bedding,Pillows,7.0,New
2026_2,621,Bedding,Curtains,20.0,New
2026_2,622,Bedding,Bed Sheets,25.0,New
2026_2,623,Bedding,Pillows,9.0,New
2026_2,624,Hygiene,Adult Diapers,24.0,New
2026_2,625,Asian,Women Scarves,118.0,New
2026_2,626,Bedding,Blankets/Comforters,3.0,New
2026_2,627,Western,Women Shirts,60.0,New
2026_2,628,Western,Women Jackets,27.0,New
2026_2,629,Western,Women Dresses,40.0,New
2026_2,630,Bedding,Bed Sheets,22.0,New
2026_2,631,Bedding,Pillows,6.0,New
2026_2,631,Bedding,Pillowcase,42.0,New
2026_2,632,Bedding,Pillows,8.0,New
2026_2,633,Bedding,Blankets/Comforters,2.0,New
2026_2,634,Bedding,Pillows,10.0,New
2026_2,635,Bedding,Blankets/Comforters,2.0,New
2026_2,636,Bedding,Blankets/Comforters,4.0,New
2026_2,637,Bedding,Blankets/Comforters,3.0,New
2026_2,638,Bedding,Blankets/Comforters,3.0,New
2026_2,639,Western,Men Jackets,20.0,Used
2026_2,640,Asian,Men Set,30.0,Used
2026_2,641,Western,Men Pants,32.0,Used
2026_2,642,Bedding,Pillows,9.0,New
2026_2,643,Bedding,Blankets/Comforters,2.0,New
2026_2,644,Bedding,Blankets/Comforters,2.0,New
2026_2,645,Bedding,Blankets/Comforters,3.0,New
2026_2,646,Bedding,Blankets/Comforters,3.0,New
2026_2,647,Bedding,Blankets/Comforters,2.0,New
2026_2,648,Bedding,Blankets/Comforters,2.0,New
2026_2,649,Bedding,Pillowcase,107.0,New
2026_2,650,Bedding,Pillows,6.0,New
2026_3,1,Bedding,Blankets/Comforters,2.0,New
2026_3,2,Bedding,Blankets/Comforters,3.0,New
2026_3,3,Bedding,Blankets/Comforters,2.0,New
2026_3,4,Bedding,Blankets/Comforters,2.0,New
2026_3,5,Asian,Women Bridal,20.0,Used
2026_3,6,Bedding,Blankets/Comforters,2.0,New
2026_3,7,Bedding,Blankets/Comforters,2.0,New
2026_3,8,Children,Babies Under 3,200.0,New
2026_3,9,Bedding,Pillows,8.0,New
2026_3,10,Bedding,Bed Sheets,20.0,New
2026_3,11,Bedding,Curtains,13.0,New
2026_3,12,Asian,Women Bridal,18.0,Used
2026_3,13,Bedding,Blankets/Comforters,3.0,New
2026_3,14,Bedding,Pillows,5.0,New
2026_3,15,Bedding,Blankets/Comforters,2.0,New
2026_3,16,Bedding,Blankets/Comforters,2.0,New
2026_3,17,Bedding,Blankets/Comforters,2.0,New
2026_3,18,Bedding,Blankets/Comforters,2.0,New
2026_3,19,Bedding,Pillows,5.0,New
2026_3,20,Bedding,Bed Sheets,20.0,New
2026_3,21,Bedding,Blankets/Comforters,3.0,New
2026_3,22,Western,Women Sweaters,24.0,Used
2026_3,23,Bedding,Bed Sheets,25.0,New
2026_3,24,Western,Men Shirts,86.0,Used
2026_3,25,Bedding,Pillows,6.0,New
2026_3,26,Bedding,Pillows,5.0,New
2026_3,27,Bedding,Blankets/Comforters,3.0,New
2026_3,28,Bedding,Bed Sheets,22.0,New
2026_3,29,Bedding,Pillows,5.0,New
2026_3,30,Bedding,Bed Sheets,21.0,New
2026_3,31,Bedding,Bed Sheets,20.0,New
2026_3,32,Bedding,Bed Sheets,21.0,New
2026_3,33,Bedding,Pillows,6.0,New
2026_3,34,Bedding,Pillows,6.0,New
2026_3,35,Bedding,Pillows,6.0,New
2026_3,36,Western,Women Shirts,90.0,Used
2026_3,37,Bedding,Bed Sheets,21.0,New
2026_3,38,Bedding,Bed Sheets,24.0,New
2026_3,39,Bedding,Blankets/Comforters,2.0,New
2026_3,40,Western,Men Jackets,26.0,Used
2026_3,41,Western,Men Jackets,20.0,Used
2026_3,42,Bedding,Bed Sheets,22.0,New
2026_3,43,Bedding,Bed Sheets,18.0,New
2026_3,44,Bedding,Blankets/Comforters,4.0,New
2026_3,45,Bedding,Bed Sheets,20.0,New
2026_3,46,Bedding,Bed Sheets,20.0,New
2026_3,47,Bedding,Bed Sheets,27.0,New
2026_3,48,Bedding,Blankets/Comforters,2.0,New
2026_3,49,Bedding,Pillows,6.0,New
2026_3,50,Bedding,Bed Sheets,13.0,New
2026_3,51,Bedding,Curtains,20.0,New
2026_3,52,Bedding,Pillows,12.0,New
2026_3,53,Bedding,Bed Sheets,15.0,New
2026_3,54,Western,Women Pants,59.0,Used
2026_3,55,Bedding,Bed Sheets,20.0,New
2026_3,56,Bedding,Pillowcase,5.0,New
2026_3,57,Western,Men Pants,36.0,Used
2026_3,58,Western,Women Shoes,33.0,Used
2026_3,59,Western,Men Jackets,21.0,Used
2026_3,60,Asian,Women 3Pc Set,34.0,Used
2026_3,61,Western,Men Shoes,16.0,Used
2026_3,62,Western,Men Jackets,23.0,Used
2026_3,63,Western,Women Shirts,58.0,Used
2026_3,64,Western,Women Shirts,74.0,Used
2026_3,65,Asian,Women 2Pc Set,32.0,Used
2026_3,66,Asian,Women Bridal,24.0,Used
2026_3,67,Western,Men Shirts,65.0,Used
2026_3,68,Western,Men Jackets,20.0,Used
2026_3,69,Asian,Women 3Pc Set,20.0,Used
2026_3,70,Western,Men Shirts,86.0,Used
2026_3,71,Asian,Women Pants,78.0,Used
2026_3,72,Asian,Women Scarves,94.0,Used
2026_3,73,Asian,Women Shirts,71.0,Used
2026_3,74,Asian,Women 2Pc Set,37.0,Used
2026_3,75,Asian,Men Shirts,65.0,Used
2026_3,76,Western,Women Shirts,84.0,Used
2026_3,77,Western,Men Shoes,20.0,Used
2026_3,78,Western,Men Pants,59.0,Used
2026_3,79,Asian,Women Shirts,74.0,Used
2026_3,80,Asian,Women Scarves,110.0,Used
2026_3,81,Asian,Women 3Pc Set,30.0,Used
2026_3,82,Western,Men Pants,47.0,Used
2026_3,83,Asian,Women Pants,99.0,Used
2026_3,84,Western,Men Jackets,33.0,Used
2026_3,85,Western,Women Shoes,25.0,Used
2026_3,86,Western,Men Jackets,21.0,Used
2026_3,87,Asian,Women Bridal,27.0,Used
2026_3,88,Asian,Women Bridal,19.0,Used
2026_3,89,Western,Women Jackets,29.0,Used
2026_3,90,Asian,Women Shirts,77.0,Used
2026_3,91,Bedding,Blankets/Comforters,2.0,New
2026_3,92,Bedding,Pillows,5.0,New
2026_3,93,Bedding,Blankets/Comforters,2.0,New
2026_3,94,Asian,Men Set,35.0,Used
2026_3,95,Asian,Women 3Pc Set,27.0,Used
2026_3,96,Asian,Women Bridal,17.0,Used
2026_3,97,Western,Men Pants,35.0,Used
2026_3,98,Asian,Men Pants,71.0,Used
2026_3,99,Asian,Women 2Pc Set,36.0,Used
2026_3,100,Western,Women Shirts,78.0,Used
2026_3,101,Asian,Women Bridal,22.0,Used
2026_3,102,Western,Women Dresses,43.0,Used
2026_3,103,Bedding,Blankets/Comforters,2.0,New
2026_3,104,Bedding,Blankets/Comforters,2.0,New
2026_3,105,Bedding,Blankets/Comforters,3.0,New
2026_3,106,Bedding,Pillows,6.0,New
2026_3,107,Bedding,Blankets/Comforters,2.0,New
2026_3,108,Bedding,Blankets/Comforters,2.0,New
2026_3,109,Bedding,Blankets/Comforters,2.0,New
2026_3,110,Bedding,Pillows,11.0,New
2026_3,111,Bedding,Pillows,6.0,New
2026_3,112,Bedding,Bed Sheets,22.0,New
2026_3,113,Bedding,Bed Sheets,25.0,New
2026_3,114,Bedding,Bed Sheets,22.0,New
2026_3,115,Bedding,Pillows,11.0,New
2026_3,116,Bedding,Blankets/Comforters,3.0,New
2026_3,117,Bedding,Blankets/Comforters,3.0,New
2026_3,118,Bedding,Blankets/Comforters,2.0,New
2026_3,119,Bedding,Blankets/Comforters,2.0,New
2026_3,120,Bedding,Pillows,6.0,New
2026_3,121,Bedding,Blankets/Comforters,2.0,New
2026_3,122,Bedding,Blankets/Comforters,3.0,New
2026_3,123,Bedding,Pillows,7.0,New
2026_3,124,Bedding,Pillows,10.0,New
2026_3,125,Bedding,Bed Sheets,23.0,New
2026_3,126,Bedding,Bed Sheets,16.0,New
2026_3,127,Bedding,Blankets/Comforters,2.0,New
2026_3,128,Bedding,Blankets/Comforters,2.0,New
2026_3,129,Bedding,Blankets/Comforters,2.0,New
2026_3,130,Bedding,Pillowcase,111.0,New
2026_3,131,Bedding,Pillows,3.0,New
2026_3,132,Bedding,Blankets/Comforters,3.0,New
2026_3,133,Bedding,Blankets/Comforters,4.0,New
2026_3,134,Bedding,Blankets/Comforters,2.0,New
2026_3,135,Asian,Women Bridal,19.0,Used
2026_3,136,Bedding,Bed Sheets,22.0,New
2026_3,137,Asian,Women Scarves,105.0,Used
2026_3,138,Bedding,Bed Sheets,17.0,New
2026_3,139,Bedding,Blankets/Comforters,3.0,New
2026_3,140,Bedding,Pillows,9.0,New
2026_3,141,Bedding,Blankets/Comforters,2.0,New
2026_3,142,Bedding,Blankets/Comforters,2.0,New
2026_3,143,Bedding,Bed Sheets,20.0,New
2026_3,144,Bedding,Bed Sheets,20.0,New
2026_3,145,Bedding,Pillows,7.0,New
2026_3,146,Bedding,Blankets/Comforters,2.0,New
2026_3,147,Bedding,Blankets/Comforters,2.0,New
2026_3,148,Bedding,Pillows,5.0,New
2026_3,149,Bedding,Blankets/Comforters,3.0,New
2026_3,150,Bedding,Bed Sheets,18.0,New
2026_3,151,Bedding,Pillows,5.0,New
2026_3,152,Bedding,Bed Sheets,20.0,New
2026_3,153,Bedding,Blankets/Comforters,2.0,New
2026_3,154,Bedding,Pillows,8.0,New
2026_3,155,Bedding,Blankets/Comforters,2.0,New
2026_3,156,Bedding,Pillows,8.0,New
2026_3,157,Bedding,Bed Sheets,20.0,New
2026_3,158,Bedding,Blankets/Comforters,3.0,New
2026_3,159,Bedding,Blankets/Comforters,2.0,New
2026_3,160,Bedding,Curtains,12.0,New
2026_3,161,Bedding,Bed Sheets,22.0,New
2026_3,162,Bedding,Bed Sheets,20.0,New
2026_3,163,Bedding,Pillows,6.0,New
2026_3,164,Bedding,Pillowcase,110.0,New
2026_3,165,Bedding,Pillows,9.0,New
2026_3,166,Bedding,Blankets/Comforters,2.0,New
2026_3,167,Bedding,Blankets/Comforters,2.0,New
2026_3,168,Bedding,Pillows,8.0,New
2026_3,169,Bedding,Pillows,11.0,New
2026_3,170,Bedding,Blankets/Comforters,3.0,New
2026_3,171,Bedding,Blankets/Comforters,2.0,New
2026_3,172,Western,Women Shirts,62.0,New
2026_3,173,Bedding,Bed Sheets,20.0,New
2026_3,174,Western,Women Pants,32.0,New
2026_3,175,Bedding,Pillows,11.0,New
2026_3,176,Bedding,Bed Sheets,22.0,New
2026_3,177,Bedding,Pillows,8.0,New
2026_3,178,Asian,Women Bridal,22.0,Used
2026_3,179,Western,Men Shirts,76.0,Used
2026_3,180,Bedding,Blankets/Comforters,3.0,New
2026_3,181,Bedding,Pillows,8.0,New
2026_3,182,Bedding,Blankets/Comforters,3.0,New
2026_3,183,Bedding,Blankets/Comforters,3.0,New
2026_3,184,Western,Women Pants,55.0,Used
2026_3,185,Western,Women Shirts,76.0,Used
2026_3,186,Western,Men Shirts,65.0,Used
2026_3,187,Toys,Battery,21.0,Used
2026_3,188,Household,Hangers,200.0,New
2026_3,189,Toys,No Battery,38.0,Used
2026_3,190,Accessories,Purses,45.0,Used
2026_3,191,Bedding,Towels,30.0,New
2026_3,192,Bedding,Pillows,11.0,New
2026_3,193,Bedding,Blankets/Comforters,3.0,New
2026_3,194,Bedding,Blankets/Comforters,3.0,New
2026_3,195,Bedding,Pillows,13.0,New
2026_3,196,School Supplies,School Supplies,25.0,New
2026_3,197,Western,Women Jackets,22.0,Used
2026_3,198,Asian,Women 3Pc Set,30.0,Used
2026_3,200,Accessories,Mats,25.0,Used
2026_3,201,Bedding,Curtains,13.0,New
2026_3,202,Accessories,Rugs,30.0,Used
2026_3,203,Asian,Women Abayas,90.0,Used
2026_3,204,Bedding,Blankets/Comforters,2.0,New
2026_3,205,Bedding,Blankets/Comforters,3.0,New
2026_3,206,Bedding,Pillows,7.0,New
2026_3,207,Bedding,Pillows,8.0,New
2026_3,208,Bedding,Pillows,5.0,New
2026_3,209,Bedding,Pillows,6.0,New
2026_3,210,Bedding,Blankets/Comforters,2.0,New
2026_3,211,Bedding,Pillows,6.0,New
2026_3,212,Bedding,Blankets/Comforters,3.0,New
2026_3,213,Bedding,Pillowcase,220.0,New
2026_3,214,Bedding,Bed Sheets,26.0,New
2026_3,215,Bedding,Bed Sheets,26.0,New
2026_3,216,Bedding,Blankets/Comforters,2.0,New
2026_3,217,Bedding,Pillows,7.0,New
2026_3,218,Bedding,Pillows,8.0,New
2026_3,219,Bedding,Pillows,10.0,New
2026_3,220,Bedding,Blankets/Comforters,3.0,New
2026_3,221,Bedding,Blankets/Comforters,3.0,New
2026_3,222,Bedding,Blankets/Comforters,2.0,New
2026_3,223,Bedding,Blankets/Comforters,3.0,New
2026_3,224,Bedding,Pillows,7.0,New
2026_3,225,Bedding,Bed Sheets,30.0,New
2026_3,226,Bedding,Bed Sheets,27.0,New
2026_3,227,Bedding,Bed Sheets,32.0,New
2026_3,228,Bedding,Blankets/Comforters,2.0,New
2026_3,229,Bedding,Blankets/Comforters,3.0,New
2026_3,230,Bedding,Pillows,7.0,New
2026_3,231,Bedding,Blankets/Comforters,2.0,New
2026_3,232,Bedding,Blankets/Comforters,3.0,New
2026_3,233,Bedding,Blankets/Comforters,2.0,New
2026_3,234,Bedding,Blankets/Comforters,2.0,New
2026_3,235,Bedding,Bed Sheets,24.0,New
2026_3,236,Bedding,Bed Sheets,24.0,New
2026_3,237,Bedding,Blankets/Comforters,2.0,New
2026_3,238,Western,Women Pants,53.0,Used
2026_3,239,Asian,Women 3Pc Set,27.0,Used
2026_3,240,Bedding,Pillows,9.0,New
2026_3,241,Bedding,Blankets/Comforters,3.0,New
2026_3,242,Bedding,Pillows,10.0,New
2026_3,243,Bedding,Pillows,7.0,New
2026_3,244,Bedding,Pillows,4.0,New
2026_3,245,Household,Hangers,180.0,New
2026_3,246,Accessories,Backpacks,14.0,Used
2026_3,247,Asian,Women Scarves,94.0,Used
2026_3,248,Western,Men Jackets,14.0,Used
2026_3,249,Western,Women Dresses,51.0,Used
2026_3,250,Bedding,Pillowcase,164.0,New
2026_3,251,Western,Women Shirts,79.0,Used
2026_3,252,Hygiene,Adult Diapers,120.0,New
2026_3,253,Hygiene,Diaper Pants (Kids),84.0,New
2026_3,254,Bedding,Blankets/Comforters,2.0,New
2026_3,255,Bedding,Blankets/Comforters,2.0,New
2026_3,256,Bedding,Pillows,7.0,New
2026_3,257,Asian,Women Bridal,24.0,Used
2026_3,258,Bedding,Blankets/Comforters,2.0,New
2026_3,259,Western,Men Shirts,85.0,Used
2026_3,260,Bedding,Bed Sheets,23.0,New
2026_3,261,Asian,Women 3Pc Set,30.0,Used
2026_3,262,Bedding,Bed Sheets,27.0,New
2026_3,263,Western,Men Pants,42.0,Used
2026_3,264,Bedding,Blankets/Comforters,2.0,New
2026_3,265,Hygiene,Adult Diapers,120.0,New
2026_3,266,Hygiene,Adult Diapers,120.0,New
2026_3,267,Asian,Women Shirts,74.0,Used
2026_3,268,Children,Babies Under 3,124.0,New
2026_3,269,Hygiene,Adult Diapers,96.0,New
2026_3,270,Western,Men Shirts,64.0,Used
2026_3,271,Bedding,Bed Sheets,24.0,New
2026_3,272,Bedding,Blankets/Comforters,6.0,New
2026_3,273,Western,Women Shoes,39.0,Used
2026_3,274,Western,Men Shoes,15.0,Used
2026_3,275,Asian,Women 2Pc Set,36.0,Used
2026_3,276,Bedding,Pillows,98.0,New
2026_3,277,Asian,Women 2Pc Set,22.0,Used
2026_3,278,Bedding,Blankets/Comforters,2.0,New
2026_3,279,Bedding,Pillows,10.0,New
2026_3,280,Bedding,Pillows,11.0,New
2026_3,281,Bedding,Blankets/Comforters,3.0,New
2026_3,282,Bedding,Pillows,10.0,New
2026_3,283,Bedding,Blankets/Comforters,2.0,New
2026_3,284,Bedding,Blankets/Comforters,2.0,New
2026_3,285,Bedding,Pillowcase,214.0,New
2026_3,286,Bedding,Bed Sheets,23.0,New
2026_3,287,Bedding,Curtains,11.0,New
2026_3,288,Western,Men Jackets,12.0,Used
2026_3,289,Western,Men Pants,42.0,Used
2026_3,290,Asian,Women Pants,74.0,Used
2026_3,291,Bedding,Blankets/Comforters,2.0,New
2026_3,292,Bedding,Bed Sheets,30.0,New
2026_3,293,Bedding,Blankets/Comforters,2.0,New
2026_3,294,Bedding,Blankets/Comforters,3.0,New
2026_3,295,Bedding,Bed Sheets,26.0,New
2026_3,296,Bedding,Pillows,10.0,New
2026_3,297,Bedding,Curtains,15.0,New
2026_3,298,Bedding,Bed Sheets,25.0,New
2026_3,299,Bedding,Pillowcase,150.0,New
2026_3,300,Bedding,Blankets/Comforters,2.0,New
2026_3,301,Bedding,Blankets/Comforters,2.0,New
2026_3,302,Bedding,Blankets/Comforters,2.0,New
2026_3,303,Bedding,Blankets/Comforters,2.0,New
2026_3,304,Bedding,Pillows,10.0,New
2026_3,305,Bedding,Blankets/Comforters,2.0,New
2026_3,306,Bedding,Pillows,9.0,New
2026_3,307,Bedding,Blankets/Comforters,2.0,New
2026_3,308,Bedding,Blankets/Comforters,2.0,New
2026_3,309,Bedding,Bed Sheets,29.0,New
2026_3,310,Bedding,Bed Sheets,30.0,New
2026_3,311,Household,Hangers,188.0,New
2026_3,312,Bedding,Blankets/Comforters,2.0,New
2026_3,313,Bedding,Blankets/Comforters,2.0,New
2026_3,314,Bedding,Blankets/Comforters,2.0,New
2026_3,315,Bedding,Blankets/Comforters,2.0,New
2026_3,316,Bedding,Blankets/Comforters,3.0,New
2026_3,317,Bedding,Blankets/Comforters,3.0,New
2026_3,318,Bedding,Blankets/Comforters,2.0,New
2026_3,319,Bedding,Pillows,5.0,New
2026_3,320,Bedding,Pillows,15.0,New
2026_3,321,Bedding,Pillowcase,216.0,New
2026_3,322,Bedding,Bed Sheets,30.0,New
2026_3,323,Bedding,Curtains,11.0,New
2026_3,324,Bedding,Blankets/Comforters,2.0,New
2026_3,325,Bedding,Blankets/Comforters,2.0,New
2026_3,326,Bedding,Pillows,9.0,New
2026_3,327,Bedding,Pillows,7.0,New
2026_3,328,Bedding,Blankets/Comforters,4.0,New
2026_3,329,Bedding,Blankets/Comforters,2.0,New
2026_3,330,Bedding,Blankets/Comforters,3.0,New
2026_3,331,Bedding,Blankets/Comforters,2.0,New
2026_3,332,Bedding,Blankets/Comforters,3.0,New
2026_3,333,Bedding,Blankets/Comforters,2.0,New
2026_3,334,Bedding,Blankets/Comforters,3.0,New
2026_3,335,Bedding,Blankets/Comforters,2.0,New
2026_3,336,Bedding,Blankets/Comforters,3.0,New
2026_3,337,Bedding,Pillows,7.0,New
2026_3,338,Bedding,Pillows,8.0,New
2026_3,339,Bedding,Blankets/Comforters,3.0,New
2026_3,340,Bedding,Pillows,4.0,New
2026_3,341,Bedding,Blankets/Comforters,2.0,New
2026_3,342,Bedding,Blankets/Comforters,2.0,New
2026_3,343,Bedding,Blankets/Comforters,4.0,New
2026_3,344,Bedding,Blankets/Comforters,2.0,New
2026_3,345,Bedding,Curtains,18.0,New
2026_3,346,Bedding,Bed Sheets,37.0,New
2026_3,347,Bedding,Bed Sheets,25.0,New
2026_3,348,Toys,No Battery,30.0,Used
2026_3,349,Bedding,Bed Sheets,16.0,New
2026_3,350,Bedding,Blankets/Comforters,2.0,New
2026_3,351,Western,Women Shoes,33.0,Used
2026_3,352,Western,Men Jackets,28.0,Used
2026_3,353,Bedding,Pillowcase,86.0,New
2026_3,353,Bedding,Pillows,6.0,New
2026_3,354,Western,Men Pants,48.0,Used
2026_3,355,Western,Women Jackets,26.0,Used
2026_3,356,Western,Men Shirts,62.0,Used
2026_3,357,Asian,Women Bridal,20.0,Used
2026_3,358,Asian,Women Scarves,66.0,Used
2026_3,359,Western,Men Shoes,20.0,Used
2026_3,360,Bedding,Pillows,8.0,New
2026_3,361,Western,Men Shirts,60.0,Used
2026_3,362,Bedding,Blankets/Comforters,2.0,New
2026_3,363,Western,Men Pants,46.0,Used
2026_3,364,Western,Men Shirts,66.0,Used
2026_3,365,Asian,Men Set,28.0,Used
2026_3,366,Western,Men Pants,56.0,Used
2026_3,367,Western,Women Shirts,79.0,Used
2026_3,368,Bedding,Bed Sheets,13.0,New
2026_3,369,Western,Women Pants,43.0,Used
2026_3,370,Asian,Women 2Pc Set,47.0,Used
2026_3,371,Western,Men Shoes,33.0,Used
2026_3,372,Western,Women Pants,47.0,Used
2026_3,373,Children,Babies Under 3,172.0,New
2026_3,374,Bedding,Blankets/Comforters,2.0,New
2026_3,375,Asian,Women Pants,78.0,Used
2026_3,376,Bedding,Bed Sheets,33.0,New
2026_3,377,Bedding,Blankets/Comforters,4.0,New
2026_3,378,Asian,Women Pants,66.0,Used
2026_3,379,Bedding,Bed Sheets,40.0,New
2026_3,380,Bedding,Pillows,4.0,New
2026_3,381,Asian,Women Bridal,30.0,Used
2026_3,382,Household,Hangers,212.0,New
2026_3,383,Bedding,Bed Sheets,25.0,New
2026_3,384,Bedding,Pillows,3.0,New
2026_3,385,Asian,Women Shirts,72.0,Used
2026_3,386,Bedding,Blankets/Comforters,2.0,New
2026_3,387,Western,Men Jackets,10.0,Used
2026_3,388,Bedding,Blankets/Comforters,4.0,New
2026_3,389,Bedding,Curtains,11.0,New
2026_3,390,Bedding,Pillows,7.0,New
2026_3,391,Western,Women Jackets,25.0,Used
2026_3,392,Bedding,Pillows,3.0,New
2026_3,393,Bedding,Pillows,5.0,New
2026_3,394,Bedding,Blankets/Comforters,2.0,New
2026_3,395,Bedding,Pillows,5.0,New
2026_3,396,Bedding,Blankets/Comforters,2.0,New
2026_3,397,Bedding,Towels,23.0,New
2026_3,398,Bedding,Pillows,10.0,New
2026_3,399,Bedding,Pillows,11.0,New
2026_3,400,Bedding,Bed Sheets,20.0,New
2026_3,401,Bedding,Blankets/Comforters,2.0,New
2026_3,402,Bedding,Pillows,11.0,New
2026_3,403,Bedding,Pillowcase,127.0,New
2026_3,404,Bedding,Blankets/Comforters,2.0,New
2026_3,405,Bedding,Bed Sheets,24.0,New
2026_3,406,Bedding,Bed Sheets,18.0,New
2026_3,407,Bedding,Bed Sheets,27.0,New
2026_3,408,Bedding,Blankets/Comforters,3.0,New
2026_3,409,Bedding,Blankets/Comforters,2.0,New
2026_3,410,Bedding,Blankets/Comforters,2.0,New
2026_3,411,Bedding,Pillows,10.0,New
2026_3,412,Bedding,Blankets/Comforters,2.0,New
2026_3,413,Bedding,Blankets/Comforters,2.0,New
2026_3,414,Bedding,Blankets/Comforters,2.0,New
2026_3,415,Bedding,Blankets/Comforters,2.0,New
2026_3,416,Bedding,Blankets/Comforters,2.0,New
2026_3,417,Bedding,Bed Sheets,21.0,New
2026_3,418,Bedding,Towels,10.0,New
2026_3,419,Bedding,Curtains,20.0,New
2026_3,420,Bedding,Pillows,6.0,New
2026_3,421,Bedding,Blankets/Comforters,2.0,New
2026_3,422,Bedding,Pillows,4.0,New
2026_3,423,Bedding,Blankets/Comforters,2.0,New
2026_3,424,Western,Men Shirts,61.0,Used
2026_3,425,Household,Hangers,225.0,New
2026_3,426,Bedding,Pillows,7.0,New
2026_3,427,Children,Babies Under 3,145.0,New
2026_3,428,Bedding,Blankets/Comforters,7.0,New
2026_3,429,Bedding,Bed Sheets,31.0,New
2026_3,430,Western,Women Jackets,24.0,Used
2026_3,431,Asian,Women Bridal,23.0,Used
2026_3,432,Bedding,Pillows,8.0,New
2026_3,433,Bedding,Blankets/Comforters,2.0,New
2026_3,434,Bedding,Blankets/Comforters,2.0,New
2026_3,435,Bedding,Curtains,21.0,New
2026_3,436,Household,Hangers,183.0,New
2026_3,437,Western,Men Jackets,13.0,Used
2026_3,438,Western,Men Jackets,19.0,Used
2026_3,439,Western,Women Shirts,92.0,Used
2026_3,440,Asian,Women Shirts,123.0,Used
2026_3,441,Asian,Men Shirts,59.0,Used
2026_3,442,Asian,Women 2Pc Set,37.0,Used
2026_3,443,Asian,Women Shirts,59.0,Used
2026_3,444,Bedding,Blankets/Comforters,4.0,New
2026_3,445,Bedding,Bed Sheets,20.0,New
2026_3,446,Bedding,Pillows,9.0,New
2026_3,447,Western,Men Shirts,73.0,Used
2026_3,448,Asian,Women 2Pc Set,40.0,Used
2026_3,449,Bedding,Pillows,10.0,New
2026_3,450,Asian,Women 3Pc Set,25.0,Used
2026_3,451,Western,Women Shirts,84.0,Used
2026_3,452,Bedding,Blankets/Comforters,2.0,New
2026_3,453,Household,Hangers,365.0,New
2026_3,454,Bedding,Bed Sheets,20.0,New
2026_3,455,Bedding,Pillows,6.0,New
2026_3,456,Bedding,Blankets/Comforters,2.0,New
2026_3,457,Bedding,Pillowcase,76.0,New
2026_3,458,Bedding,Blankets/Comforters,3.0,New
2026_3,459,Bedding,Blankets/Comforters,2.0,New
2026_3,460,Asian,Women 3Pc Set,28.0,Used
2026_3,461,Western,Men Pants,43.0,Used
2026_3,462,Asian,Women Shirts,63.0,Used
2026_3,463,Bedding,Curtains,17.0,New
2026_3,464,Asian,Women Bridal,26.0,Used
2026_3,465,Bedding,Pillowcase,156.0,New
2026_3,466,Bedding,Curtains,15.0,New
2026_3,467,Bedding,Bed Sheets,29.0,New
2026_3,468,Bedding,Blankets/Comforters,2.0,New
2026_3,469,Bedding,Bed Sheets,19.0,New
2026_3,470,Asian,Women Scarves,76.0,Used
2026_3,471,Bedding,Blankets/Comforters,2.0,New
2026_3,472,Western,Men Shirts,79.0,Used
2026_3,473,Western,Men Jackets,18.0,Used
2026_3,474,Asian,Women 3Pc Set,25.0,Used
2026_3,475,Western,Women Shoes,38.0,Used
2026_3,476,Western,Men Shirts,59.0,Used
2026_3,477,Children,Babies Under 3,153.0,Used
2026_3,478,Bedding,Bed Sheets,10.0,New
2026_3,479,Accessories,Rugs,15.0,Used
2026_3,480,Asian,Women 3Pc Set,28.0,Used
2026_3,481,Western,Men Pants,36.0,Used
2026_3,482,Bedding,Pillows,6.0,New
2026_3,483,Bedding,Blankets/Comforters,18.0,Used
2026_3,484,Asian,Women 2Pc Set,34.0,Used
2026_3,485,Western,Men Pants,73.0,Used
2026_3,486,Asian,Men Pants,69.0,Used
2026_3,487,Bedding,Blankets/Comforters,6.0,New
2026_3,488,Western,Women Jackets,44.0,Used
2026_3,489,Children,Baby Jackets,14.0,Used
2026_3,490,Asian,Women 3Pc Set,34.0,Used
2026_3,491,Asian,Women 2Pc Set,45.0,Used
2026_3,492,Bedding,Pillows,8.0,New
2026_3,493,Bedding,Bed Sheets,13.0,New
2026_3,494,Western,Men Shoes,26.0,Used
2026_3,495,Asian,Women Scarves,105.0,Used
2026_3,496,Asian,Women 3Pc Set,27.0,Used
2026_3,497,Western,Women Pants,73.0,Used
2026_3,498,Asian,Women 3Pc Set,27.0,Used
2026_3,499,Asian,Men Set,26.0,Used
2026_3,500,Asian,Women 2Pc Set,37.0,Used
2026_3,501,Western,Men Shirts,80.0,Used
2026_3,502,Asian,Women Bridal,18.0,Used
2026_3,503,Western,Men Shoes,21.0,New
2026_3,504,Bedding,Bed Sheets,18.0,New
2026_3,505,Bedding,Bed Sheets,17.0,New
2026_3,506,Bedding,Bed Sheets,18.0,New
2026_3,507,Bedding,Bed Set,12.0,New
2026_3,508,Asian,Women 3Pc Set,26.0,Used
2026_3,509,Asian,Women 3Pc Set,32.0,Used
2026_3,510,Western,Men Jackets,18.0,Used
2026_3,511,Western,Men Jackets,16.0,Used
2026_3,512,Western,Men Jackets,16.0,Used
2026_3,513,Western,Women Sweaters,38.0,Used
2026_3,514,Western,Men Shirts,80.0,Used
2026_3,515,Western,Men Pants,56.0,Used
2026_3,516,Bedding,Blankets/Comforters,2.0,New
2026_3,517,Bedding,Towels,25.0,New
2026_3,518,Bedding,Blankets/Comforters,3.0,New
2026_3,519,Bedding,Pillows,7.0,New
2026_3,520,Bedding,Pillows,9.0,New
2026_3,521,Bedding,Blankets/Comforters,2.0,New
2026_3,522,Bedding,Pillows,9.0,New
2026_3,523,Bedding,Blankets/Comforters,3.0,New
2026_3,524,Bedding,Blankets/Comforters,4.0,New
2026_3,525,Bedding,Towels,14.0,New
2026_3,526,Bedding,Curtains,15.0,New
2026_3,527,Bedding,Blankets/Comforters,10.0,New
2026_3,528,Bedding,Blankets/Comforters,4.0,New
2026_3,529,Household,Hangers,186.0,New
2026_3,530,Bedding,Pillows,5.0,New
2026_3,531,Bedding,Blankets/Comforters,2.0,New
2026_3,532,Bedding,Blankets/Comforters,2.0,New
2026_3,533,Bedding,Pillows,10.0,New
2026_3,534,Bedding,Pillows,6.0,New
2026_3,535,Bedding,Blankets/Comforters,2.0,New
2026_3,536,Bedding,Blankets/Comforters,3.0,New
2026_3,537,Bedding,Pillows,7.0,New
2026_3,538,Bedding,Bed Set,14.0,New
2026_3,539,Bedding,Pillows,4.0,New
2026_3,540,Bedding,Blankets/Comforters,13.0,New
2026_3,541,Bedding,Blankets/Comforters,4.0,New
2026_3,542,Bedding,Blankets/Comforters,2.0,New
2026_3,543,Asian,Women Scarves,48.0,Used
2026_3,544,Children,Baby Jackets,13.0,Used
2026_3,545,Children,Baby Jackets,13.0,Used
2026_3,546,Children,Baby Jackets,12.0,Used
2026_3,547,Children,Baby Jackets,13.0,Used
2026_3,548,Accessories,Purses,31.0,Used
2026_3,549,Asian,Men Thobe,37.0,Used
2026_3,550,Bedding,Blankets/Comforters,4.0,New
2026_3,551,Asian,Women 2Pc Set,31.0,Used
2026_3,552,Bedding,Blankets/Comforters,2.0,New
2026_3,553,Bedding,Pillows,7.0,New
2026_3,554,Bedding,Pillows,9.0,New
2026_3,555,Asian,Women Pants,64.0,Used
2026_3,556,Children,Babies Under 3,107.0,New
2026_3,557,Accessories,Hats,141.0,Used
2026_3,558,Bedding,Blankets/Comforters,2.0,New
2026_3,559,Asian,Men Set,22.0,Used
2026_3,560,Children,Baby Jackets,12.0,Used
2026_3,561,Asian,Women 3Pc Set,43.0,Used
2026_3,562,Asian,Men Shirts,44.0,Used
2026_3,563,Toys,No Battery,32.0,Used
2026_3,564,Asian,Women 2Pc Set,35.0,Used
2026_3,565,Bedding,Pillows,8.0,New
2026_3,566,Asian,Women Bridal,26.0,Used
2026_3,567,Bedding,Pillowcase,123.0,New
2026_3,568,Bedding,Bed Sheets,19.0,New
2026_3,569,Bedding,Blankets/Comforters,1.0,New
2026_3,570,Asian,Women Bridal,29.0,Used
2026_3,571,Western,Men Shirts,74.0,Used
2026_3,572,Bedding,Pillows,8.0,New
2026_3,572,Bedding,Pillowcase,28.0,New
2026_3,573,Western,Men Pants,47.0,Used
2026_3,574,Western,Women Jackets,28.0,Used
2026_3,575,Asian,Women Shirts,53.0,Used
2026_3,576,Bedding,Blankets/Comforters,4.0,New
2026_3,577,Accessories,Rugs,16.0,Used
2026_3,578,Bedding,Bed Sheets,20.0,New
2026_3,579,Western,Women Shoes,26.0,Used
2026_3,580,Asian,Women Shirts,55.0,Used
2026_3,581,Bedding,Blankets/Comforters,2.0,New
2026_3,582,Asian,Women Bridal,30.0,Used
2026_3,583,Asian,Women 3Pc Set,34.0,New
2026_3,584,Bedding,Blankets/Comforters,1.0,New
2026_3,585,Asian,Women 2Pc Set,37.0,Used
2026_3,586,Asian,Women Scarves,80.0,Used
2026_3,587,Asian,Women Abayas,41.0,Used
2026_3,588,Bedding,Pillows,10.0,New
2026_3,589,Bedding,Blankets/Comforters,2.0,New
2026_3,590,Bedding,Pillows,12.0,New
2026_3,591,Bedding,Blankets/Comforters,6.0,New
2026_3,592,Bedding,Towels,33.0,New
2026_3,593,Asian,Women Shirts,64.0,Used
2026_3,594,Western,Men Shirts,53.0,Used
2026_3,595,Household,Hangers,164.0,New
2026_3,596,Asian,Women Scarves,109.0,Used
2026_3,597,Asian,Women 3Pc Set,28.0,Used
2026_3,598,Western,Women Pants,57.0,Used
2026_3,599,Asian,Women Bridal,23.0,Used
2026_3,600,Bedding,Bed Set,12.0,New
2026_3,601,Bedding,Curtains,13.0,New
2026_3,602,Bedding,Blankets/Comforters,2.0,New
2026_3,603,Bedding,Curtains,16.0,New
2026_3,604,Asian,Women Bridal,16.0,Used
2026_3,605,Bedding,Bed Sheets,21.0,New
2026_3,606,Asian,Women Bridal,24.0,Used
2026_3,607,Western,Men Jackets,23.0,Used
2026_3,608,Western,Men Shirts,65.0,Used
2026_3,609,Asian,Women 2Pc Set,38.0,Used
2026_3,610,Asian,Women Shirts,106.0,Used
2026_3,611,Asian,Women Scarves,65.0,Used
2026_3,612,Bedding,Bed Sheets,20.0,New
2026_3,613,Bedding,Bed Set,13.0,New
2026_3,614,Bedding,Bed Set,16.0,New
2026_3,615,Bedding,Blankets/Comforters,3.0,New
2026_3,616,Asian,Women Pants,84.0,Used
2026_3,617,Bedding,Blankets/Comforters,3.0,New
2026_3,618,Western,Women Shirts,64.0,Used
2026_3,619,Western,Women Pants,56.0,Used
2026_3,620,Western,Women Dresses,54.0,Used
2026_3,621,Asian,Women 3Pc Set,30.0,Used
2026_3,622,Western,Men Shirts,66.0,Used
2026_3,623,Western,Men Pants,50.0,Used
2026_3,624,Western,Women Jackets,24.0,Used
2026_3,625,Hygiene,Adult Diapers,96.0,New
2026_3,626,Asian,Women Bridal,12.0,Used
2026_3,627,Western,Men Jackets,18.0,Used
2026_3,628,Western,Men Jackets,23.0,Used
2026_3,629,Western,Men Pants,73.0,Used
2026_3,630,Western,Women Dresses,55.0,Used
2026_3,631,Asian,Boys Set,37.0,Used
2026_3,632,Bedding,Bed Sheets,23.0,New
2026_3,633,Western,Men Shirts,66.0,Used
2026_3,634,Western,Men Shirts,90.0,Used
2026_3,635,Bedding,Pillows,10.0,New
2026_3,636,Bedding,Blankets/Comforters,1.0,New
2026_3,637,Bedding,Blankets/Comforters,2.0,New
2026_3,638,Asian,Women Shirts,48.0,Used
2026_3,639,Asian,Men Shirts,66.0,Used
2026_3,640,Asian,Women 2Pc Set,27.0,Used
2026_3,641,Asian,Women 3Pc Set,20.0,Used
2026_3,642,Children,Babies Under 3,133.0,Used
2026_3,643,Asian,Women 3Pc Set,22.0,Used
2026_3,644,Western,Men Jackets,18.0,Used
2026_3,645,Bedding,Curtains,14.0,Used
2026_3,646,Western,Men Pants,43.0,Used
2026_3,647,Western,Men Shirts,70.0,Used
2026_3,648,Asian,Men Thobe,37.0,Used
2026_3,649,Western,Men Jackets,20.0,Used
2026_3,650,Bedding,Bed Sheets,22.0,New
2026_4,1,Asian,Women Shirts,80.0,Used
2026_4,2,Bedding,Blankets/Comforters,2.0,New
2026_4,3,Bedding,Pillows,11.0,New
2026_4,4,Bedding,Bed Sheets,22.0,New
2026_4,5,Bedding,Curtains,12.0,New
2026_4,6,Western,Women Dresses,32.0,Used
2026_4,7,Asian,Women Shirts,83.0,Used
2026_4,8,Western,Men Shoes,19.0,Used
2026_4,9,Western,Women Jackets,31.0,Used
2026_4,10,Western,Women Jackets,23.0,Used
2026_4,11,Western,Men Shoes,25.0,Used
2026_4,12,Western,Women Dresses,53.0,Used
2026_4,13,Bedding,Blankets/Comforters,3.0,New
2026_4,14,Asian,Women Shirts,62.0,Used
2026_4,15,Asian,Women Shirts,72.0,Used
2026_4,16,Western,Men Shoes,43.0,Used
2026_4,17,Bedding,Bed Sheets,20.0,New
2026_4,18,Western,Men Pants,37.0,Used
2026_4,19,Western,Men Jackets,21.0,Used
2026_4,20,Asian,Men Pants,55.0,Used
2026_4,21,Asian,Women Pants,67.0,Used
2026_4,22,Asian,Men Shirts,56.0,Used
2026_4,23,Household,Hangers,169.0,New
2026_4,24,Western,Men Pants,32.0,Used
2026_4,25,Bedding,Pillows,6.0,New
2026_4,26,Asian,Women Shirts,91.0,Used
2026_4,27,Bedding,Blankets/Comforters,3.0,New
2026_4,28,Western,Men Shirts,90.0,Used
2026_4,29,Asian,Women 2Pc Set,33.0,Used
2026_4,30,Western,Men Pants,49.0,Used
2026_4,31,Western,Women Jackets,22.0,Used
2026_4,32,Asian,Women 3Pc Set,23.0,Used
2026_4,33,Children,Babies Under 3,152.0,New
2026_4,34,Asian,Women Shirts,69.0,Used
2026_4,35,Bedding,Bed Sheets,24.0,New
2026_4,36,Asian,Women Scarves,76.0,Used
2026_4,37,Asian,Women 2Pc Set,40.0,Used
2026_4,38,Asian,Women Pants,68.0,Used
2026_4,39,Bedding,Pillows,5.0,New
2026_4,40,Asian,Women Bridal,17.0,Used
2026_4,41,Western,Women Jackets,25.0,Used
2026_4,42,Western,Men Jackets,18.0,Used
2026_4,43,Asian,Women Scarves,56.0,Used
2026_4,44,Bedding,Blankets/Comforters,13.0,New
2026_4,45,Western,Men Shirts,97.0,Used
2026_4,46,Children,Babies Under 3,100.0,New
2026_4,47,Western,Men Shirts,58.0,Used
2026_4,48,Asian,Women 3Pc Set,31.0,Used
2026_4,49,Bedding,Blankets/Comforters,2.0,New
2026_4,50,Bedding,Blankets/Comforters,4.0,New
2026_4,51,Accessories,Purses,55.0,Used
2026_4,52,Bedding,Pillows,7.0,New
2026_4,53,Bedding,Blankets/Comforters,3.0,New
2026_4,54,Bedding,Blankets/Comforters,3.0,New
2026_4,55,Bedding,6Pc Bed Set,6.0,New
2026_4,55,Bedding,4Pc Bed Set,4.0,New
2026_4,55,Bedding,3Pc Bed Set,1.0,New
2026_4,56,Asian,Women Bridal,21.0,Used
2026_4,57,Bedding,Curtains,15.0,New
2026_4,58,Asian,Women 3Pc Set,25.0,Used
2026_4,60,Bedding,Bed Set,16.0,New
2026_4,61,Bedding,Bed Sheets,15.0,New
2026_4,62,Toys,No Battery,41.0,Used
2026_4,63,Household,Hangers,55.0,New
2026_4,64,Bedding,Pillows,10.0,New
2026_4,65,Bedding,Mattress Pad Covers,7.0,New
2026_4,66,Bedding,Pillows,5.0,New
2026_4,67,Bedding,Pillows,7.0,New
2026_4,68,Bedding,Blankets/Comforters,2.0,New
2026_4,69,Bedding,Blankets/Comforters,2.0,New
2026_4,70,Bedding,Blankets/Comforters,2.0,New
2026_4,71,Bedding,Curtains,13.0,New
2026_4,73,Bedding,Pillows,6.0,New
2026_4,74,Bedding,Pillows,5.0,New
2026_4,75,Bedding,Pillows,6.0,New
2026_4,76,Bedding,Bed Sheets,21.0,New
2026_4,77,Western,Women Jackets,21.0,Used
2026_4,78,Asian,Women 2Pc Set,30.0,Used
2026_4,79,Asian,Women 3Pc Set,31.0,Used
2026_4,80,Western,Men Jackets,20.0,Used
2026_4,81,Asian,Women Shirts,60.0,Used
2026_4,82,Asian,Women Shirts,81.0,Used
2026_4,83,Bedding,Blankets/Comforters,10.0,New
2026_4,84,Asian,Women 2Pc Set,22.0,Used
2026_4,85,Asian,Women Shirts,90.0,Used
2026_4,86,Bedding,Bed Sheets,21.0,New
2026_4,87,Western,Men Jackets,23.0,Used
2026_4,88,Bedding,Bed Sheets,20.0,New
2026_4,89,Bedding,Bed Sheets,25.0,New
2026_4,90,Western,Men Shirts,137.0,Used
2026_4,91,Asian,Women 3Pc Set,21.0,Used
2026_4,92,Western,Men Jackets,37.0,Used
2026_4,93,Western,Men Jackets,16.0,Used
2026_4,94,Western,Women Shoes,37.0,Used
2026_4,95,Asian,Men Shirts,91.0,Used
2026_4,96,Western,Men Pants,50.0,Used
2026_4,98,Bedding,Bed Sheets,15.0,New
2026_4,99,Toys,Toys,30.0,Used
2026_4,100,Western,Women Dresses,50.0,Used
2026_4,101,Bedding,Blankets/Comforters,3.0,New
2026_4,102,Bedding,Pillows,12.0,New
2026_4,103,Western,Men Jackets,17.0,Used
2026_4,104,Bedding,Blankets/Comforters,2.0,New
2026_4,105,Bedding,Bed Sheets,16.0,New
2026_4,106,Bedding,Bed Sheets,15.0,New
2026_4,107,Bedding,Bed Sheets,16.0,
2026_4,108,Bedding,Blankets/Comforters,4.0,New
2026_4,109,Bedding,Blankets/Comforters,2.0,New
2026_4,110,Bedding,Pillows,13.0,New
2026_4,111,Bedding,Blankets/Comforters,2.0,New
2026_4,112,Bedding,Pillows,10.0,New
2026_4,113,Accessories,Rugs,19.0,New
2026_4,114,Bedding,Blankets/Comforters,3.0,New
2026_4,115,Bedding,Blankets/Comforters,2.0,New
2026_4,116,Bedding,Bed Sheets,19.0,New
2026_4,117,Western,Men Shirts,68.0,Used
2026_4,118,Bedding,Bed Set,15.0,New
2026_4,119,Bedding,Bed Sheets,20.0,New
2026_4,120,Asian,Women 3Pc Set,30.0,Used
2026_4,121,Bedding,Bed Sheets,18.0,New
2026_4,122,Bedding,Bed Sheets,16.0,New
2026_4,123,Bedding,Pillows,12.0,New
2026_4,124,Bedding,Blankets/Comforters,2.0,New
2026_4,125,Bedding,Blankets/Comforters,2.0,New
2026_4,126,Bedding,Blankets/Comforters,2.0,New
2026_4,127,Bedding,Blankets/Comforters,3.0,New
2026_4,128,Bedding,Blankets/Comforters,2.0,New
2026_4,129,Bedding,Pillows,5.0,New
2026_4,130,Bedding,Bed Sheets,18.0,New
2026_4,131,Bedding,Bed Sheets,16.0,New
2026_4,132,Bedding,Bed Sheets,18.0,New
2026_4,133,Asian,Women Pants,72.0,Used
2026_4,134,Western,Men Shirts,91.0,Used
2026_4,135,Asian,Women Scarves,126.0,Used
2026_4,136,Bedding,Blankets/Comforters,6.0,New
2026_4,137,Bedding,Pillows,5.0,New
2026_4,138,Bedding,Blankets/Comforters,2.0,New
2026_4,139,Bedding,Bed Sheets,16.0,New
2026_4,140,Bedding,Pillows,4.0,New
2026_4,141,Bedding,Blankets/Comforters,3.0,New
2026_4,142,Bedding,Bed Sheets,14.0,New
2026_4,143,Bedding,Bed Set,16.0,New
2026_4,144,Bedding,Bed Set,15.0,New
2026_4,145,Bedding,Blankets/Comforters,3.0,New
2026_4,146,Asian,Women Abayas,20.0,Used
2026_4,147,Western,Women Jackets,29.0,Used
2026_4,148,Bedding,Blankets/Comforters,2.0,New
2026_4,149,Western,Men Jackets,23.0,Used
2026_4,150,Children,Babies Under 3,109.0,New
2026_4,151,Asian,Women Shirts,79.0,Used
2026_4,152,Asian,Women Pants,59.0,Used
2026_4,153,Western,Men Pants,50.0,Used
2026_4,154,Western,Men Shirts,63.0,Used
2026_4,155,Bedding,Curtains,32.0,New
2026_4,156,Bedding,Bed Sheets,18.0,New
2026_4,157,Bedding,Bed Sheets,32.0,New
2026_4,158,Bedding,Curtains,16.0,New
2026_4,159,Bedding,Blankets/Comforters,4.0,New
2026_4,160,Children,Babies Under 3,150.0,New
2026_4,161,Bedding,Blankets/Comforters,2.0,New
2026_4,162,Bedding,Blankets/Comforters,2.0,New
2026_4,163,Bedding,Bed Sheets,16.0,New
2026_4,164,Bedding,Bed Sheets,18.0,New
2026_4,165,Bedding,Bed Sheets,16.0,New
2026_4,166,Bedding,Bed Sheets,14.0,New
2026_4,167,Asian,Women Scarves,73.0,Used
2026_4,168,Western,Men Pants,63.0,Used
2026_4,169,Western,Men Jackets,26.0,Used
2026_4,170,Bedding,Bed Sheets,23.0,New
2026_4,171,Bedding,Pillows,5.0,New
2026_4,172,Bedding,Pillows,4.0,New
2026_4,173,Bedding,Blankets/Comforters,3.0,New
2026_4,174,Children,Babies Under 3,112.0,
2026_4,175,Bedding,Pillows,4.0,New
2026_4,176,Bedding,Pillows,3.0,New
2026_4,177,Bedding,Blankets/Comforters,3.0,
2026_4,178,Western,Men Pants,76.0,Used
2026_4,179,Asian,Women Pants,58.0,Used
2026_4,180,Bedding,Bed Sheets,14.0,New
2026_4,181,Bedding,Pillows,6.0,New
2026_4,182,Bedding,Blankets/Comforters,3.0,New
2026_4,183,Bedding,Blankets/Comforters,3.0,New
2026_4,184,Asian,Women 3Pc Set,25.0,Used
2026_4,185,Bedding,Pillows,6.0,
2026_4,186,Bedding,Blankets/Comforters,3.0,New
2026_4,187,Bedding,Blankets/Comforters,3.0,New
2026_4,188,Bedding,Blankets/Comforters,2.0,New
2026_4,189,Bedding,Pillows,5.0,New
2026_4,190,Bedding,Blankets/Comforters,3.0,New
2026_4,191,Bedding,Bed Sheets,14.0,New
2026_4,192,Bedding,Pillows,5.0,New
2026_4,193,Western,Men Shirts,63.0,Used
2026_4,194,Asian,Women 3Pc Set,26.0,Used
2026_4,195,Western,Men Shirts,76.0,Used
2026_4,196,Western,Men Shirts,43.0,Used
2026_4,197,Asian,Women 3Pc Set,39.0,Used
2026_4,198,Asian,Women 3Pc Set,31.0,Used
2026_4,199,Western,Men Shirts,80.0,Used
2026_4,200,Asian,Women 2Pc Set,41.0,Used
2026_4,201,Asian,Women Scarves,109.0,Used
2026_4,202,Asian,Women 2Pc Set,38.0,Used
2026_4,203,Asian,Women Shirts,68.0,Used
2026_4,204,Asian,Women Bridal,17.0,Used
2026_4,205,Western,Men Jackets,26.0,Used
2026_4,206,Western,Women Dresses,70.0,Used
2026_4,207,Asian,Women 3Pc Set,28.0,Used
2026_4,208,Bedding,Bed Set,2.0,New
2026_4,209,Bedding,Blankets/Comforters,5.0,New
2026_4,210,Household,Hangers,159.0,New
2026_4,211,Asian,Women Bridal,23.0,Used
2026_4,212,Asian,Women Scarves,99.0,Used
2026_4,213,Asian,Women 3Pc Set,30.0,Used
2026_4,214,Asian,Women 2Pc Set,37.0,Used
2026_4,215,Asian,Women 3Pc Set,39.0,Used
2026_4,216,Asian,Women Scarves,79.0,Used
2026_4,217,Western,Men Pants,32.0,Used
2026_4,218,Asian,Women Pants,61.0,Used
2026_4,219,Western,Men Jackets,27.0,Used
2026_4,220,Asian,Women Pants,50.0,Used
2026_4,221,Western,Men Shirts,58.0,Used
2026_4,222,Western,Women Dresses,36.0,Used
2026_4,223,Asian,Women Bridal,36.0,Used
2026_4,224,Asian,Women 2Pc Set,29.0,Used
2026_4,225,Asian,Women Scarves,97.0,Used
2026_4,226,Asian,Women 2Pc Set,28.0,Used
2026_4,227,Accessories,Backpacks,21.0,Used
2026_4,228,Asian,Women Shirts,63.0,Used
2026_4,229,Asian,Women Shirts,65.0,Used
2026_4,230,Asian,Women Bridal,15.0,Used
2026_4,231,Western,Men Pants,44.0,Used
2026_4,232,Western,Women Jackets,22.0,Used
2026_4,233,Bedding,Bed Sheets,22.0,New
2026_4,234,Western,Women Shoes,43.0,Used
2026_4,235,Asian,Women Shirts,77.0,Used
2026_4,236,Asian,Women 3Pc Set,22.0,Used
2026_4,237,Asian,Women 3Pc Set,31.0,Used
2026_4,238,Asian,Women 3Pc Set,38.0,Used
2026_4,239,Asian,Women Scarves,52.0,Used
2026_4,240,Western,Men Pants,22.0,Used
2026_4,241,Bedding,Pillows,6.0,New
2026_4,242,Bedding,Blankets/Comforters,2.0,New
2026_4,243,Bedding,Blankets/Comforters,2.0,New
2026_4,244,Western,Men Shoes,68.0,Used
2026_4,245,Bedding,Blankets/Comforters,3.0,New
2026_4,246,Bedding,Curtains,16.0,New
2026_4,247,Western,Men Shoes,40.0,Used
2026_4,248,Bedding,Pillows,5.0,New
2026_4,248,Bedding,Pillowcase,28.0,New
2026_4,249,Bedding,Blankets/Comforters,4.0,New
2026_4,250,Bedding,Blankets/Comforters,3.0,New
2026_4,251,Bedding,Bed Sheets,20.0,New
2026_4,252,Bedding,Bed Sheets,25.0,New
2026_4,253,Bedding,Bed Sheets,4.0,New
2026_4,254,Western,Women Dresses,30.0,Used
2026_4,255,Bedding,Towels,32.0,New
2026_4,256,Bedding,Blankets/Comforters,3.0,New
2026_4,257,Bedding,Blankets/Comforters,2.0,New
2026_4,258,Bedding,Curtains,16.0,New
2026_4,259,Bedding,Bed Set,3.0,New
2026_4,260,Bedding,Blankets/Comforters,4.0,New
2026_4,261,Bedding,Bed Sheets,14.0,New
2026_4,262,Bedding,Bed Sheets,18.0,Used
2026_4,263,Bedding,Bed Sheets,19.0,New
2026_4,264,Asian,Women 2Pc Set,34.0,Used
2026_4,265,Bedding,Blankets/Comforters,2.0,New
2026_4,266,Bedding,Blankets/Comforters,3.0,New
2026_4,267,Bedding,Blankets/Comforters,3.0,New
2026_4,268,Bedding,Pillows,6.0,New
2026_4,268,Bedding,Pillowcase,5.0,New
2026_4,269,Bedding,Pillows,3.0,New
2026_4,270,Bedding,Blankets/Comforters,2.0,New
2026_4,271,Bedding,Blankets/Comforters,5.0,Used
2026_4,272,Asian,Women 2Pc Set,28.0,Used
2026_4,273,Children,Babies Under 3,126.0,New
2026_4,274,Western,Men Jackets,25.0,New
2026_4,275,Asian,Women Pants,51.0,New
2026_4,276,Asian,Women Shirts,51.0,Used
2026_4,277,Asian,Women 3Pc Set,27.0,New
2026_4,278,Bedding,Bed Sheets,20.0,Used
2026_4,279,Household,Hangers,82.0,New
2026_4,280,Bedding,Pillows,8.0,New
2026_4,281,Western,Women Dresses,53.0,Used
2026_4,282,Western,Women Shoes,22.0,Used
2026_4,283,Children,Babies Under 3,164.0,Used
2026_4,284,Bedding,Blankets/Comforters,3.0,New
2026_4,285,Bedding,Pillowcase,110.0,New
2026_4,286,Asian,Women 3Pc Set,24.0,New
2026_4,287,Bedding,Bed Sheets,18.0,New
2026_4,288,Western,Men Pants,38.0,Used
2026_4,289,Toys,Toys,30.0,Used
2026_4,290,Bedding,Bed Sheets,16.0,New
2026_4,291,Bedding,Blankets/Comforters,2.0,New
2026_4,292,Western,Women Shoes,33.0,Used
2026_4,293,Western,Men Jackets,28.0,Used
2026_4,294,Bedding,Pillowcase,86.0,Used
2026_4,294,Bedding,Pillows,6.0,Used
2026_4,295,Western,Men Pants,48.0,Used
2026_4,296,Western,Women Jackets,26.0,Used
2026_4,297,Western,Men Shirts,62.0,Used
2026_4,298,Asian,Women Bridal,20.0,Used
2026_4,299,Asian,Women Scarves,66.0,Used
2026_4,300,Western,Men Shoes,20.0,Used
2026_4,301,Bedding,Pillows,8.0,New
2026_4,302,Western,Men Shirts,60.0,Used
2026_4,303,Bedding,Blankets/Comforters,2.0,New
2026_4,304,Western,Men Pants,46.0,Used
2026_4,305,Western,Men Shirts,66.0,Used
2026_4,306,Asian,Women 2Pc Set,28.0,Used
2026_4,307,Western,Men Pants,56.0,Used
2026_4,308,Asian,Women Shirts,79.0,Used
2026_4,309,Bedding,Bed Set,13.0,New
2026_4,310,Asian,Women Pants,43.0,Used
2026_4,311,Asian,Women 2Pc Set,39.0,Used
2026_4,312,Western,Men Shoes,33.0,Used
2026_4,313,Accessories,Rugs,10.0,New
2026_4,314,Western,Men Shirts,81.0,Used
2026_4,315,Children,Babies Under 3,188.0,New
2026_4,316,Asian,Women 3Pc Set,28.0,Used
2026_4,317,Asian,Women Abayas,43.0,Used
2026_4,318,Bedding,Blankets/Comforters,3.0,New
2026_4,319,Asian,Women 2Pc Set,21.0,Used
2026_4,320,Western,Men Shirts,87.0,Used
2026_4,321,Children,Babies Under 3,132.0,New
2026_4,322,Asian,Women 3Pc Set,36.0,Used
2026_4,323,Western,Women Jackets,36.0,Used
2026_4,324,Western,Women Jackets,73.0,Used
2026_4,325,Western,Men Pants,41.0,Used
2026_4,326,Asian,Women Scarves,81.0,Used
2026_4,327,Asian,Women Shirts,77.0,Used
2026_4,328,Western,Men Pants,58.0,Used
2026_4,329,Asian,Women 2Pc Set,34.0,Used
2026_4,330,Toys,Toys,66.0,Used
2026_4,331,Western,Men Jackets,30.0,Used
2026_4,332,Bedding,Blankets/Comforters,5.0,New
2026_4,333,Asian,Women Shirts,70.0,Used
2026_4,334,Asian,Women Scarves,79.0,Used
2026_4,335,Western,Women Jackets,31.0,Used
2026_4,336,Western,Men Shoes,26.0,Used
2026_4,337,Bedding,Blankets/Comforters,18.0,New
2026_4,338,Western,Women Jackets,24.0,Used
2026_4,339,Hygiene,Adult Diapers,136.0,New
2026_4,340,Asian,Women Bridal,12.0,Used
2026_4,341,Western,Men Jackets,18.0,Used
2026_4,342,Western,Men Shirts,23.0,Used
2026_4,343,Western,Men Pants,73.0,Used
2026_4,344,Western,Women Dresses,55.0,Used
2026_4,345,Asian,Men Set,37.0,Used
2026_4,346,Bedding,Bed Sheets,23.0,Used
2026_4,347,Western,Men Shirts,66.0,Used
2026_4,348,Western,Men Shirts,90.0,Used
2026_4,349,Bedding,Pillows,10.0,New
2026_4,350,Bedding,Blankets/Comforters,1.0,New
2026_4,351,Bedding,Blankets/Comforters,2.0,New
2026_4,352,Asian,Women Shirts,48.0,Used
2026_4,353,Asian,Men Shirts,66.0,Used
2026_4,354,Asian,Women 2Pc Set,27.0,Used
2026_4,355,Asian,Women 3Pc Set,20.0,Used
2026_4,356,Children,Babies Under 3,133.0,New
2026_4,357,Asian,Women 3Pc Set,22.0,Used
2026_4,358,Western,Men Jackets,18.0,Used
2026_4,359,Bedding,Curtains,14.0,New
2026_4,360,Western,Men Pants,43.0,Used
2026_4,361,UnderClothing,Tops,10.0,New
2026_4,361,UnderClothing,Bra,6.0,New
2026_4,361,UnderClothing,Underwear,26.0,New
2026_4,362,Asian,Women Pants,81.0,Used
2026_4,363,Asian,Women Pants,32.0,Used
2026_4,364,Western,Men Pants,36.0,
2026_4,365,Bedding,Pillows,4.0,Used
2026_4,366,Bedding,Blankets/Comforters,4.0,
2026_4,367,Bedding,Bed Sheets,20.0,New
2026_4,368,Western,Women Shoes,33.0,Used
2026_4,369,Bedding,Bed Set,2.0,New
2026_4,370,Bedding,Bed Sheets,10.0,New
2026_4,371,Bedding,Bed Sheets,22.0,New
2026_4,372,Bedding,Pillows,18.0,New
2026_4,373,Bedding,Bed Set,20.0,New
2026_4,374,Bedding,Blankets/Comforters,7.0,New
2026_4,375,Bedding,Blankets/Comforters,3.0,New
2026_4,376,Bedding,Pillows,4.0,New
2026_4,377,Bedding,Pillows,4.0,New
2026_4,378,Bedding,Pillows,6.0,New
2026_4,379,Bedding,Blankets/Comforters,18.0,New
2026_4,380,Bedding,Pillows,6.0,New
2026_4,381,Bedding,Blankets/Comforters,5.0,New
2026_4,382,Bedding,Bed Sheets,20.0,New
2026_4,383,Bedding,Bed Sheets,18.0,New
2026_4,384,Bedding,Blankets/Comforters,24.0,New
2026_4,386,Western,Men Pants,42.0,Used
2026_4,387,Western,Men Pants,83.0,Used
2026_4,388,UnderClothing,Socks,41.0,New
2026_4,388,UnderClothing,Underwear,8.0,New
2026_4,388,UnderClothing,Undershirts,22.0,New
2026_4,389,Asian,Women Shirts,70.0,Used
2026_4,390,Asian,Women 2Pc Set,25.0,Used
2026_4,390,Bedding,Pillows,4.0,Used
2026_4,391,Western,Women Jackets,32.0,Used
2026_4,392,Asian,Women Shirts,60.0,Used
2026_4,393,Bedding,Pillowcase,83.0,Used
2026_4,393,Asian,Women 2Pc Set,12.0,Used
2026_4,394,Western,Women Jackets,17.0,Used
2026_4,395,Children,Babies Under 3,148.0,New
2026_4,396,Western,Men Shoes,20.0,Used
2026_4,397,Bedding,Blankets/Comforters,2.0,New
2026_4,398,Bedding,Pillows,8.0,New
2026_4,399,Bedding,Bed Sheets,21.0,New
2026_4,400,Western,Women Jackets,34.0,Used
2026_4,401,Children,Babies Under 3,130.0,New
2026_4,402,Bedding,Bed Sheets,29.0,New
2026_4,403,Asian,Men Set,33.0,Used
2026_4,404,Hygiene,Diapers,6.0,New
2026_4,404,Hygiene,Underpads,1.0,New
2026_4,404,Hygiene,Women Liner,2.0,New
2026_4,405,Bedding,Blankets/Comforters,2.0,New
2026_4,406,Children,Babies Under 3,92.0,Used
2026_4,407,Asian,Men Thobe,55.0,Used
2026_4,408,Asian,Women Pants,52.0,Used
2026_4,409,Bedding,Pillows,6.0,New
2026_4,410,Bedding,Pillowcase,67.0,New
2026_4,410,Bedding,Pillows,4.0,New
2026_4,411,Bedding,Pillows,5.0,New
2026_4,413,Western,Women Jackets,22.0,Used
2026_4,414,Bedding,Pillows,5.0,New
2026_4,414,Asian,Men Thobe,10.0,New
2026_4,419,Asian,Women Pants,52.0,Used
2026_4,421,Bedding,Pillows,10.0,New
2026_4,423,Bedding,Pillowcase,100.0,New
2026_4,423,Bedding,Pillows,3.0,New
2026_4,424,Asian,Women Pants,40.0,Used
2026_4,425,Western,Women Shoes,57.0,Used
2026_4,427,Western,Men Jackets,17.0,Used
2026_4,428,Asian,Women Shirts,79.0,Used
2026_4,429,Asian,Women Scarves,155.0,Used
2026_4,433,Bedding,Pillows,6.0,New
2026_4,433,Bedding,Pillowcase,23.0,New
2026_4,434,Bedding,Pillows,8.0,New
2026_4,436,Bedding,Pillows,8.0,New
2026_4,437,Bedding,Blankets/Comforters,2.0,New
2026_4,438,Bedding,Blankets/Comforters,2.0,New
2026_4,439,Bedding,Pillows,5.0,New
2026_4,440,Bedding,Blankets/Comforters,3.0,New
2026_4,441,Bedding,Pillows,5.0,New
2026_4,442,Bedding,6Pc Bed Set,9.0,New
2026_4,443,Bedding,Curtains,18.0,New
2026_4,444,Bedding,4Pc Bed Set,13.0,New
2026_4,445,Bedding,Blankets/Comforters,2.0,New
2026_4,446,Bedding,Blankets/Comforters,2.0,New
2026_4,447,Bedding,Pillows,4.0,New
2026_4,448,Bedding,Pillows,7.0,New
2026_4,449,Bedding,Blankets/Comforters,2.0,New
2026_4,450,Bedding,Blankets/Comforters,2.0,New
2026_4,451,Bedding,Bed Sheets,10.0,New
2026_4,452,Bedding,Blankets/Comforters,2.0,New
2026_4,453,Bedding,Pillows,5.0,New
2026_4,454,Bedding,Bed Sheets,16.0,New
2026_4,455,Bedding,3Pc Bed Set,12.0,New
2026_4,456,Bedding,4Pc Bed Set,13.0,New
2026_4,457,Asian,Women Shirts,60.0,Used
2026_4,458,Western,Women Dresses,60.0,Used
2026_4,459,Asian,Women Shirts,60.0,Used
2026_4,460,Western,Men Pants,59.0,Used
2026_4,461,Asian,Women Scarves,92.0,Used
2026_4,462,Asian,Women Bridal,20.0,Used
2026_4,463,Bedding,Blankets/Comforters,4.0,New
2026_4,464,Asian,Women Pants,41.0,Used
2026_4,465,Western,Women Dresses,60.0,Used
2026_4,466,Bedding,Bed Sheets,19.0,New
2026_4,467,Bedding,Bed Sheets,15.0,New
2026_4,468,Western,Men Shirts,100.0,Used
2026_4,469,Asian,Women Shirts,50.0,Used
2026_4,470,Bedding,Blankets/Comforters,3.0,New
2026_4,471,Western,Women Dresses,50.0,Used
2026_4,472,Bedding,Comforter Set,1.0,New
2026_4,472,Bedding,Blankets/Comforters,4.0,New
2026_4,473,Bedding,Blankets/Comforters,3.0,New
2026_4,474,Western,Women Dresses,88.0,Used
2026_4,475,Bedding,6Pc Bed Set,12.0,New
2026_4,476,Western,Men Pants,47.0,Used
2026_4,477,Bedding,Blankets/Comforters,3.0,New
2026_4,479,Western,Men Shirts,71.0,Used
2026_4,480,Western,Men Shirts,83.0,Used
2026_4,481,Asian,Women Shirts,106.0,Used
2026_4,482,Asian,Women Shirts,60.0,Used
2026_4,483,Western,Women Jackets,24.0,Used
2026_4,484,Asian,Women Shirts,50.0,Used
2026_4,485,Asian,Women Shirts,60.0,Used
2026_4,486,Asian,Women Shirts,60.0,Used
2026_4,487,Asian,Women Shirts,67.0,Used
2026_4,488,Asian,Women Pants,68.0,Used
2026_4,489,Asian,Women Shirts,50.0,Used
2026_4,490,Asian,Women Pants,71.0,Used
2026_4,491,Asian,Women Bridal,37.0,Used
2026_4,492,Asian,Women Shirts,60.0,Used
2026_4,493,Asian,Women Scarves,66.0,Used
2026_4,494,Asian,Women Pants,49.0,Used
2026_4,495,Asian,Women Shirts,56.0,Used
2026_4,496,Asian,Women Shirts,60.0,Used
2026_4,497,Asian,Women Shirts,48.0,Used
2026_4,498,Asian,Women Shirts,60.0,Used
2026_4,499,Asian,Women Shirts,60.0,Used
2026_4,500,Asian,Women Shirts,63.0,Used
2026_4,501,Asian,Women Bridal,27.0,Used
2026_4,502,Asian,Women Pants,44.0,Used
2026_4,503,Asian,Women Shirts,60.0,Used
2026_4,504,Asian,Women Shirts,60.0,Used
2026_4,505,Asian,Women Shirts,60.0,Used
2026_4,506,Asian,Women Shirts,58.0,Used
2026_4,507,Asian,Women Shirts,60.0,Used
2026_4,508,Asian,Women Scarves,90.0,Used
2026_4,509,Asian,Women Shirts,60.0,Used
2026_4,510,Asian,Women Scarves,66.0,Used
2026_4,511,Asian,Women Pants,49.0,Used
2026_4,512,Asian,Women Shirts,56.0,Used
2026_4,513,Asian,Women Shirts,60.0,Used
2026_4,514,Asian,Women Shirts,48.0,Used
2026_4,515,Asian,Women Shirts,60.0,Used
2026_4,516,Asian,Women Shirts,60.0,Used
2026_4,517,Asian,Women Pants,50.0,Used
2026_4,518,Asian,Women Shirts,68.0,Used
2026_4,519,Asian,Women Shirts,60.0,Used
2026_4,520,Asian,Women Shirts,60.0,Used
2026_4,521,Asian,Women Shirts,60.0,Used
2026_4,522,Asian,Women Shirts,60.0,Used
2026_4,523,Asian,Women Shirts,60.0,Used
2026_4,524,Asian,Women Shirts,60.0,Used
2026_4,525,Asian,Women Shirts,60.0,Used
2026_4,526,Asian,Women Shirts,60.0,Used
2026_4,527,Asian,Women Shirts,60.0,Used
2026_4,528,Asian,Women Shirts,60.0,Used
2026_4,529,Asian,Women Shirts,60.0,Used
2026_4,530,Asian,Women Abayas,60.0,
2026_4,531,Asian,Women Shirts,45.0,
2026_4,532,Asian,Women Shirts,63.0,
2026_4,533,Asian,Women Pants,61.0,
2026_4,534,Asian,Women Shirts,67.0,
2026_4,535,Asian,Women Bridal,60.0,
2026_4,536,Asian,Women Shirts,22.0,
2026_4,537,Asian,Women Shirts,55.0,
2026_4,538,Asian,Women Shirts,60.0,
2026_4,539,Asian,Women Pants,60.0,
2026_4,540,Asian,Women Shirts,65.0,
2026_4,541,Asian,Women Shirts,61.0,
2026_4,542,Asian,Women Pants,65.0,
2026_4,543,Asian,Women Shirts,61.0,
2026_4,544,Asian,Women Shirts,61.0,
2026_4,545,Western,Women Dresses,45.0,
2026_4,546,Asian,Women Shirts,60.0,
2026_4,547,Asian,Women Shirts,55.0,
2026_4,548,Asian,Women Scarves,80.0,
2026_4,549,Asian,Women Shirts,60.0,
2026_4,550,Asian,Women Pants,65.0,
2026_4,551,Asian,Women Shirts,60.0,
2026_4,552,Asian,Women Shirts,60.0,
2026_4,553,Asian,Women Shirts,67.0,
2026_4,554,Asian,Women Pants,61.0,
2026_4,555,Asian,Women Shirts,63.0,
2026_4,556,Asian,Women Pants,53.0,
2026_4,557,Asian,Women Shirts,56.0,
2026_4,558,Asian,Women Shirts,72.0,
2026_4,559,Asian,Women Pants,52.0,
2026_4,560,Asian,Women Shirts,54.0,
2026_4,561,Asian,Women Shirts,54.0,
2026_4,562,Asian,Women Shirts,56.0,
2026_4,563,Western,Women Dresses,52.0,
2026_4,564,Asian,Women Pants,70.0,
2026_4,565,Asian,Women Shirts,60.0,
2026_4,566,Asian,Men Pants,60.0,
2026_4,567,Asian,Women Shirts,66.0,
2026_4,568,Asian,Women 2Pc Set,31.0,
2026_4,569,Western,Women Dresses,42.0,
2026_4,570,Asian,Women Bridal,36.0,
2026_4,571,Western,Women Dresses,34.0,
2026_4,572,Asian,Women Shirts,64.0,
2026_4,573,Asian,Women Shirts,60.0,
2026_4,574,Asian,Men Shirts,63.0,
2026_4,575,Asian,Men Thobe,38.0,
2026_4,576,Asian,Women Pants,71.0,
2026_4,577,Western,Women Jackets,22.0,
2026_4,578,Western,Women Shirts,64.0,
2026_4,579,Western,Women Jackets,39.0,
2026_4,580,Western,Women Shirts,80.0,
2026_4,581,Western,Women Jackets,31.0,
2026_4,582,Western,Women Jackets,23.0,
2026_4,583,Asian,Women Pants,62.0,
2026_4,584,Asian,Women Scarves,61.0,
2026_4,585,Asian,Women Shirts,68.0,
2026_4,586,Asian,Women Shirts,60.0,
2026_4,587,Western,Men Pants,37.0,
2026_4,588,Asian,Women Bridal,42.0,
2026_4,589,Western,Women Jackets,23.0,
2026_4,590,Western,Women Jackets,23.0,
2026_4,591,Western,Women Jackets,29.0,
2026_4,592,Western,Men Shoes,26.0,
2026_4,593,Western,Women Jackets,23.0,
2026_4,594,Western,Men Jackets,19.0,
2026_4,595,Western,Women Dresses,36.0,
2026_4,596,Children,Babies Under 3,178.0,
2026_4,597,Western,Women Jackets,25.0,
2026_4,598,Asian,Women Shirts,62.0,
2026_4,599,Western,Women Jackets,33.0,
2026_4,600,Asian,Women Pants,53.0,
2026_5,1,Western,Women Jackets,25.0,Used
2026_5,2,Western,Women Pants,30.0,Used
2026_5,3,Asian,Women Shirts,50.0,Used
2026_5,4,Asian,Women Shirts,65.0,Used
2026_5,6,Asian,Women Bridal,21.0,Used
2026_5,7,Asian,Women Bridal,14.0,Used
2026_5,8,Asian,Women Scarves,97.0,Used
2026_5,9,Asian,Women 3Pc Set,36.0,Used
2026_5,10,Western,Men Shirts,94.0,Used
2026_5,11,Western,Women Pants,100.0,Used
2026_5,12,Asian,Women 3Pc Set,30.0,Used
2026_5,13,Western,Men Jackets,20.0,Used
2026_5,14,Western,Men Shoes,19.0,Used
2026_5,15,Asian,Women Pants,60.0,Used
2026_5,16,Western,Men Pants,65.0,Used
2026_5,17,Children,Babies Under 3,130.0,Used
2026_5,18,Asian,Women 2Pc Set,33.0,Used
2026_5,19,Western,Women Jackets,40.0,Used
2026_5,20,Asian,Women Shirts,60.0,Used
2026_5,21,Asian,Women 3Pc Set,23.0,Used
2026_5,22,Children,Babies Under 3,180.0,Used
2026_5,23,Western,Women Pants,70.0,Used
2026_5,24,Western,Men Pants,50.0,Used
2026_5,25,Asian,Women 2Pc Set,30.0,Used
2026_5,26,Western,Women Pants,73.0,Used
2026_5,27,Western,Men Shirts,72.0,Used
2026_5,28,Bedding,Blankets/Comforters,4.0,New
2026_5,29,Western,Men Shirts,80.0,Used
2026_5,30,Western,Men Jackets,30.0,Used
2026_5,31,Asian,Women Shirts,80.0,Used
2026_5,32,Western,Women Jackets,40.0,Used
2026_5,33,Western,Men Shoes,21.0,Used
2026_5,34,Western,Men Pants,50.0,Used
2026_5,35,Asian,Men Shirts,60.0,Used
2026_5,36,Western,Men Pants,50.0,Used
2026_5,37,Western,Men Pants,48.0,Used
2026_5,38,Western,Women Jackets,40.0,Used
2026_5,39,Asian,Women 2Pc Set,47.0,Used
2026_5,40,Asian,Women Pants,124.0,Used
2026_5,41,Western,Men Pants,45.0,Used
2026_5,42,Bedding,Blankets/Comforters,2.0,New
2026_5,43,Asian,Women Shirts,70.0,Used
2026_5,44,Western,Men Shirts,100.0,Used
2026_5,45,Asian,Women 2Pc Set,40.0,Used
2026_5,46,Western,Men Jackets,40.0,Used
2026_5,47,Western,Women Shirts,116.0,Used
2026_5,48,Western,Men Shirts,100.0,Used
2026_5,52,Western,Women Dresses,55.0,Used
2026_5,53,Asian,Women Shirts,65.0,Used
2026_5,54,Western,Women Shirts,91.0,Used
2026_5,55,Western,Men Jackets,27.0,Used
2026_5,56,Western,Women Dresses,75.0,Used
2026_5,57,Asian,Women 2Pc Set,36.0,Used
2026_5,58,Asian,Women 3Pc Set,30.0,Used
2026_5,59,Western,Women Pants,60.0,Used
2026_5,62,Asian,Women 2Pc Set,38.0,Used
2026_5,63,Asian,Women Pants,100.0,Used
2026_5,64,Western,Men Jackets,23.0,Used
2026_5,65,Western,Women Shoes,69.0,Used
2026_5,66,Western,Women Jackets,36.0,Used
2026_5,67,Children,Babies Under 3,106.0,New
2026_5,68,Accessories,Backpacks,40.0,Used
2026_5,69,Western,Men Shirts,79.0,Used
2026_5,70,Western,Men Jackets,27.0,Used
2026_5,71,Western,Women Shoes,39.0,Used
2026_5,72,Western,Men Pants,41.0,Used
2026_5,73,Asian,Women 2Pc Set,40.0,Used
2026_5,74,Western,Women Shirts,79.0,Used
2026_5,75,Western,Men Jackets,40.0,Used
2026_5,76,Western,Women Shirts,83.0,Used
2026_5,77,Asian,Women Pants,66.0,Used
2026_5,78,Western,Men Pants,61.0,Used
2026_5,79,Asian,Women Scarves,100.0,Used
2026_5,80,Asian,Women 3Pc Set,30.0,Used
2026_5,81,Asian,Women 2Pc Set,45.0,Used
2026_5,82,Asian,Women 2Pc Set,53.0,Used
2026_5,83,Western,Men Shirts,78.0,Used
2026_5,84,Children,Babies Under 3,169.0,New
2026_5,85,Asian,Women Bridal,25.0,Used
2026_5,86,Asian,Women Abayas,50.0,Used
2026_5,87,Western,Women Jackets,25.0,Used
2026_5,88,Asian,Women 2Pc Set,55.0,Used
2026_5,89,Asian,Men Set,30.0,Used
2026_5,90,Western,Women Pants,51.0,Used
2026_5,91,Asian,Women Shirts,65.0,Used
2026_5,92,Western,Men Shirts,48.0,Used
2026_5,93,Asian,Women Shirts,70.0,Used
2026_5,94,Western,Men Jackets,23.0,Used
2026_5,95,Western,Men Shirts,68.0,Used
2026_5,96,Western,Women Shirts,85.0,Used
2026_5,97,Asian,Men Thobe,49.0,Used
2026_5,98,Asian,Men Shirts,77.0,Used
2026_5,99,Western,Women Shirts,85.0,Used
2026_5,100,Western,Men Jackets,34.0,Used
2026_5,101,Western,Men Pants,50.0,Used
2026_5,102,Asian,Women 3Pc Set,30.0,Used
2026_5,103,Asian,Women Scarves,106.0,Used
2026_5,104,Asian,Women 2Pc Set,48.0,Used
2026_5,105,Asian,Women Bridal,18.0,Used
2026_5,106,Children,Babies Under 3,180.0,New
2026_5,107,Asian,Women 3Pc Set,41.0,Used
2026_5,108,Asian,Women 2Pc Set,56.0,Used
2026_5,109,Western,Men Pants,37.0,Used
2026_5,110,Western,Men Shirts,80.0,Used
2026_5,111,Western,Women Jackets,33.0,Used
2026_5,112,Asian,Women Shirts,70.0,Used
2026_5,113,Western,Women Shirts,105.0,Used
2026_5,114,Western,Women Dresses,72.0,Used
2026_5,115,Western,Men Shirts,100.0,Used
2026_5,116,Asian,Men Set,44.0,Used
2026_5,117,Children,Babies Under 3,160.0,New
2026_5,118,Asian,Women 3Pc Set,24.0,Used
2026_5,119,Accessories,Purses,50.0,Used
2026_5,120,Western,Men Shoes,26.0,Used
2026_5,121,Asian,Women Pants,72.0,Used
2026_5,122,Asian,Women 2Pc Set,43.0,Used
2026_5,123,Asian,Women 3Pc Set,32.0,Used
2026_5,124,Asian,Women Scarves,100.0,Used
2026_5,125,Asian,Women 2Pc Set,38.0,Used
2026_5,126,Asian,Women Shirts,67.0,Used
2026_5,127,Western,Women Pants,45.0,Used
2026_5,128,Children,Babies Under 3,180.0,New
2026_5,129,Western,Men Jackets,30.0,Used
2026_5,130,Western,Men Pants,44.0,Used
2026_5,131,Asian,Women Shirts,70.0,Used
2026_5,132,Asian,Women Shirts,70.0,Used
2026_5,133,Asian,Women Shirts,58.0,Used
2026_5,134,Western,Men Pants,45.0,Used
2026_5,135,Asian,Women Scarves,94.0,Used
2026_5,136,Asian,Women Abayas,40.0,Used
2026_5,137,Western,Women Shirts,120.0,Used
2026_5,138,Asian,Women Bridal,26.0,Used
2026_5,139,Asian,Women Shirts,70.0,Used
2026_5,140,Western,Women Dresses,61.0,Used
2026_5,141,Western,Women Pants,53.0,Used
2026_5,142,Western,Men Shirts,80.0,Used
2026_5,143,Western,Men Shoes,30.0,Used
2026_5,144,Asian,Women Shirts,70.0,Used
2026_5,145,Western,Men Pants,30.0,Used
2026_5,146,Western,Men Shirts,79.0,Used
2026_5,147,Bedding,Pillows,7.0,New
2026_5,148,Western,Men Shirts,80.0,Used
2026_5,149,Western,Women Jackets,28.0,Used
2026_5,150,Asian,Women Shirts,68.0,Used
2026_5,151,Asian,Women 3Pc Set,28.0,Used
2026_5,152,Western,Women Dresses,70.0,Used
2026_5,153,Asian,Women Shirts,73.0,Used
2026_5,154,Asian,Women Scarves,100.0,Used
2026_5,155,Asian,Women 3Pc Set,79.0,Used
2026_5,156,Children,Babies Under 3,118.0,New
2026_5,157,Asian,Women 3Pc Set,30.0,Used
2026_5,158,Western,Men Shirts,80.0,Used
2026_5,159,Children,Babies Under 3,110.0,New
2026_5,160,Asian,Women Shirts,73.0,Used
2026_5,161,Asian,Women 2Pc Set,36.0,Used
2026_5,162,Asian,Women Bridal,45.0,Used
2026_5,163,Western,Men Shirts,60.0,Used
2026_5,164,Asian,Women Bridal,20.0,Used
2026_5,165,Asian,Women 2Pc Set,38.0,Used
2026_5,166,Western,Women Pants,63.0,Used
2026_5,167,Western,Women Shirts,75.0,Used
2026_5,168,Western,Women Pants,65.0,Used
2026_5,169,Asian,Women 3Pc Set,25.0,Used
2026_5,170,Asian,Women 2Pc Set,60.0,Used
2026_5,171,Asian,Women Shirts,70.0,Used
2026_5,172,Children,Babies Under 3,130.0,New
2026_5,173,Asian,Women Shirts,60.0,Used
2026_5,174,Asian,Women Pants,60.0,Used
2026_5,175,Western,Men Pants,34.0,Used
2026_5,176,Western,Men Jackets,27.0,Used
2026_5,177,Western,Men Shirts,132.0,Used
2026_5,178,Western,Women Shoes,40.0,Used
2026_5,179,Western,Men Pants,50.0,Used
2026_5,180,Western,Men Shirts,73.0,Used
2026_5,181,Western,Men Jackets,30.0,Used
2026_5,182,Western,Men Jackets,30.0,Used
2026_5,183,Western,Men Shirts,80.0,Used
2026_5,184,Western,Women Shirts,81.0,Used
2026_5,185,Asian,Women Scarves,110.0,Used
2026_5,186,Western,Men Shoes,22.0,Used
2026_5,187,Western,Women Jackets,34.0,Used
2026_5,188,Asian,Women 2Pc Set,55.0,Used
2026_5,189,Asian,Women 3Pc Set,31.0,Used
2026_5,190,Western,Women Shirts,98.0,Used
2026_5,191,Western,Men Shoes,24.0,Used
2026_5,192,Western,Men Pants,73.0,Used
2026_5,193,Western,Women Dresses,46.0,Used
2026_5,194,Western,Men Pants,47.0,Used
2026_5,195,Western,Women Shoes,27.0,Used
2026_5,196,Western,Men Jackets,22.0,Used
2026_5,197,Children,Babies Under 3,120.0,New
2026_5,198,Asian,Women 3Pc Set,28.0,Used
2026_5,199,Western,Men Pants,51.0,Used
2026_5,200,Children,Babies Under 3,200.0,New
2026_5,201,Asian,Women 3Pc Set,22.0,Used
2026_5,202,Asian,Women Shirts,67.0,Used
2026_5,203,Asian,Women 3Pc Set,25.0,Used
2026_5,204,Western,Men Shirts,115.0,Used
2026_5,205,Asian,Women Pants,80.0,Used
2026_5,206,Asian,Women 2Pc Set,31.0,Used
2026_5,207,Asian,Women Shirts,80.0,Used
2026_5,208,Asian,Women Bridal,22.0,Used
2026_5,209,Western,Women Pants,67.0,Used
2026_5,210,Asian,Women 2Pc Set,43.0,Used
2026_5,211,Asian,Men Set,40.0,Used
2026_5,212,Western,Men Shoes,20.0,Used
2026_5,213,Asian,Men Thobe,37.0,Used
2026_5,214,Western,Women Shirts,96.0,Used
2026_5,215,Asian,Women 3Pc Set,30.0,Used
2026_5,216,Western,Women Jackets,34.0,Used
2026_5,217,Western,Men Shoes,15.0,Used
2026_5,218,Western,Women Shoes,33.0,Used
2026_5,219,Western,Men Shirts,75.0,Used
2026_5,220,Asian,Women 3Pc Set,36.0,Used
2026_5,221,Asian,Women Bridal,20.0,Used
2026_5,222,Asian,Women 2Pc Set,38.0,Used
2026_5,223,Western,Men Pants,47.0,Used
2026_5,224,Asian,Women Scarves,100.0,Used
2026_5,225,Western,Women Pants,53.0,Used
2026_5,226,Asian,Men Shirts,67.0,Used
2026_5,227,Asian,Women Pants,74.0,Used
2026_5,228,Asian,Women Shirts,73.0,Used
2026_5,229,Asian,Women 2Pc Set,30.0,Used
2026_5,230,Western,Women Jackets,42.0,Used
2026_5,231,Western,Men Pants,50.0,Used
2026_5,232,Western,Men Jackets,21.0,Used
2026_5,233,Asian,Women Abayas,27.0,Used
2026_5,234,Western,Men Jackets,29.0,Used
2026_5,235,Western,Women Shirts,81.0,Used
2026_5,236,Western,Women Jackets,43.0,Used
2026_5,237,Western,Men Shirts,81.0,Used
2026_5,238,Western,Women Shirts,100.0,Used
2026_5,239,Asian,Women Shirts,60.0,Used
2026_5,240,Asian,Women Scarves,80.0,Used
2026_5,241,Western,Women Shoes,37.0,Used
2026_5,242,Western,Men Pants,47.0,Used
2026_5,243,Western,Women Dresses,50.0,Used
2026_5,244,Western,Men Shirts,72.0,Used
2026_5,245,Western,Women Shoes,37.0,Used
2026_5,246,Western,Men Jackets,30.0,Used
2026_5,247,Western,Women Shoes,40.0,Used
2026_5,248,Asian,Women Shirts,61.0,Used
2026_5,249,Bedding,Bed Sheets,9.0,New
2026_5,249,Bedding,Pillowcase,46.0,New
2026_5,250,Children,Babies Under 3,90.0,Used
2026_5,251,Western,Women Dresses,45.0,Used
2026_5,252,Asian,Women Scarves,109.0,Used
2026_5,253,Western,Men Pants,60.0,Used
2026_5,254,Asian,Women Scarves,100.0,Used
2026_5,255,Asian,Women Scarves,101.0,Used
2026_5,256,Asian,Women Abayas,51.0,Used
2026_5,257,Bedding,Pillows,2.0,New
2026_5,257,Bedding,Pillowcase,96.0,New
2026_5,258,Asian,Men Set,41.0,Used
2026_5,259,Bedding,Bed Sheets,30.0,New
2026_5,260,Bedding,Blankets/Comforters,10.0,New
2026_5,261,Bedding,Bed Sheets,27.0,New
2026_5,262,Bedding,Bed Sheets,30.0,New
2026_5,263,Bedding,Bed Sheets,27.0,New
2026_5,264,Western,Men Pants,31.0,Used
2026_5,265,Asian,Women Shirts,40.0,Used
2026_5,266,Western,Men Shirts,84.0,Used
2026_5,267,Asian,Women Pants,58.0,Used
2026_5,268,Bedding,Bed Sheets,26.0,New
2026_5,269,Asian,Women Bridal,52.0,Used
2026_5,270,Asian,Men Shirts,63.0,Used
2026_5,271,Asian,Women Shirts,50.0,Used
2026_5,272,Asian,Women 2Pc Set,35.0,Used
2026_5,273,Western,Women Shirts,63.0,Used
2026_5,274,Western,Men Jackets,22.0,Used
2026_5,275,Western,Women Dresses,36.0,Used
2026_5,276,Western,Women Jackets,30.0,Used
2026_5,277,Western,Women Dresses,75.0,Used
2026_5,278,Bedding,Blankets/Comforters,10.0,New
2026_5,279,Western,Women Pants,40.0,Used
2026_5,280,Asian,Men Set,29.0,Used
2026_5,281,Children,Babies Under 3,122.0,New
2026_5,283,Western,Women Dresses,35.0,Used
2026_5,284,Asian,Women Pants,60.0,Used
2026_5,285,Asian,Women Bridal,26.0,Used
2026_5,286,Western,Men Shirts,41.0,Used
2026_5,287,Western,Men Jackets,19.0,Used
2026_5,288,Asian,Women Scarves,57.0,Used
2026_5,289,Asian,Women Shirts,59.0,Used
2026_5,290,Asian,Women Scarves,91.0,Used
2026_5,291,Western,Women Dresses,51.0,Used
2026_5,292,Asian,Women Shirts,61.0,Used
2026_5,293,Asian,Women Shirts,60.0,Used
2026_5,294,Asian,Women Shirts,71.0,Used
2026_5,295,Asian,Women Shirts,61.0,Used
2026_5,296,Asian,Women Pants,60.0,Used
2026_5,297,Asian,Women Shirts,60.0,Used
2026_5,298,Asian,Women Bridal,13.0,Used
2026_5,299,Asian,Women Shirts,61.0,Used
2026_5,300,Asian,Women Pants,78.0,Used
2026_5,301,Western,Women Shirts,116.0,Used
2026_5,302,Children,Babies Under 3,176.0,New
2026_5,303,Western,Men Shirts,100.0,Used
2026_5,304,Western,Women Shirts,83.0,Used
2026_5,305,Asian,Women Shirts,60.0,Used
2026_5,306,Asian,Women Shirts,60.0,Used
2026_5,307,Asian,Women Shirts,61.0,Used
2026_5,308,Asian,Women Pants,95.0,Used
2026_5,309,Asian,Women Scarves,85.0,Used
2026_5,310,Asian,Women Shirts,60.0,Used
2026_5,311,Asian,Women Shirts,61.0,Used
2026_5,312,Asian,Women Shirts,60.0,Used
2026_5,313,Bedding,Blankets/Comforters,3.0,New
2026_5,314,Bedding,Pillows,9.0,New
2026_5,315,Bedding,Blankets/Comforters,2.0,New
2026_5,316,Western,Women Jackets,35.0,Used
2026_5,317,Western,Women Jackets,35.0,Used
2026_5,318,Western,Women Jackets,35.0,Used
2026_5,319,Asian,Men Pants,49.0,Used
2026_5,320,Bedding,Blankets/Comforters,10.0,New
2026_5,321,Asian,Women Shirts,60.0,Used
2026_5,322,Bedding,Bed Sheets,26.0,New
2026_5,323,Western,Men Shoes,22.0,Used
2026_5,324,Western,Men Jackets,35.0,Used
2026_5,325,Bedding,Blankets/Comforters,2.0,New
2026_5,326,Western,Women Jackets,35.0,Used
2026_5,327,Bedding,Blankets/Comforters,2.0,New
2026_5,328,Bedding,Towels,25.0,New
2026_5,329,Accessories,Backpacks,36.0,Used
2026_5,330,Western,Women Jackets,35.0,Used
2026_5,331,Western,Women Jackets,37.0,Used
2026_5,332,Western,Men Jackets,35.0,Used
2026_5,333,Western,Men Jackets,35.0,Used
2026_5,334,Asian,Women Shirts,60.0,Used
2026_5,335,Asian,Women Shirts,60.0,Used
2026_5,336,Asian,Women Shirts,60.0,Used
2026_5,337,Asian,Women 3Pc Set,30.0,Used
2026_5,338,Western,Women Shirts,60.0,Used
2026_5,339,Asian,Women 2Pc Set,35.0,Used
2026_5,340,Western,Men Jackets,35.0,Used
2026_5,341,Western,Women Jackets,35.0,Used
2026_5,342,Western,Women Jackets,35.0,Used
2026_5,343,Western,Women Jackets,40.0,Used
2026_5,344,Western,Women Jackets,40.0,Used
2026_5,345,Western,Men Jackets,35.0,Used
2026_5,346,Western,Women Jackets,40.0,Used
2026_5,347,Western,Women Jackets,40.0,Used
2026_5,348,Western,Women Jackets,40.0,Used
2026_5,349,Children,Babies Under 3,131.0,New
2026_5,350,Western,Men Jackets,27.0,Used
2026_5,351,Western,Women Pants,60.0,Used
2026_5,352,Western,Men Jackets,35.0,Used
2026_5,353,Western,Men Jackets,35.0,Used
2026_5,354,Western,Men Jackets,35.0,Used
2026_5,355,Western,Women Jackets,40.0,Used
2026_5,356,Western,Women Jackets,40.0,Used
2026_5,357,Western,Women Jackets,40.0,Used
2026_5,358,Western,Women Jackets,40.0,Used
2026_5,359,Western,Women Jackets,40.0,Used
2026_5,360,Western,Women Jackets,40.0,Used
2026_5,361,Western,Women Shirts,103.0,Used
2026_5,362,Western,Women Pants,44.0,Used
2026_5,363,Western,Women Jackets,35.0,Used
2026_5,364,Western,Men Jackets,18.0,Used
2026_5,365,Western,Women Jackets,26.0,Used
2026_5,366,Western,Women Jackets,23.0,Used
2026_5,367,Western,Men Jackets,35.0,Used
2026_5,368,Western,Men Jackets,35.0,Used
2026_5,369,Western,Men Jackets,35.0,Used
2026_5,370,Western,Women Jackets,35.0,Used
2026_5,371,Western,Women Jackets,35.0,Used
2026_5,372,Western,Men Jackets,35.0,Used
2026_5,373,Western,Men Shirts,71.0,Used
2026_5,374,Asian,Women Shirts,56.0,Used
2026_5,375,Western,Men Pants,44.0,Used
2026_5,376,Western,Men Jackets,35.0,Used
2026_5,377,Western,Women Jackets,35.0,Used
2026_5,378,Western,Women Jackets,35.0,Used
2026_5,379,Western,Men Jackets,35.0,Used
2026_5,380,Western,Men Jackets,35.0,Used
2026_5,381,Western,Men Jackets,35.0,Used
2026_5,382,Western,Women Jackets,35.0,Used
2026_5,383,Western,Women Jackets,35.0,Used
2026_5,384,Western,Women Jackets,35.0,Used
2026_5,385,Western,Women Jackets,36.0,Used
2026_5,386,Asian,Women 3Pc Set,25.0,Used
2026_5,387,Asian,Women Abayas,42.0,Used
2026_5,388,Western,Women Jackets,35.0,Used
2026_5,389,Western,Women Jackets,35.0,Used
2026_5,390,Western,Women Jackets,35.0,Used
2026_5,391,Western,Women Jackets,35.0,Used
2026_5,392,Western,Women Jackets,35.0,Used
2026_5,394,Western,Women Jackets,35.0,Used
2026_5,395,Western,Women Jackets,35.0,Used
2026_5,396,Western,Women Jackets,35.0,Used
2026_5,397,Western,Women Jackets,36.0,Used
2026_5,398,Asian,Women Shirts,80.0,Used
2026_5,399,Western,Women Dresses,40.0,Used
2026_5,400,Western,Women Jackets,35.0,Used
2026_5,401,Western,Men Jackets,35.0,Used
2026_5,402,Western,Women Jackets,35.0,Used
2026_5,403,Western,Women Jackets,35.0,Used
2026_5,404,Western,Women Jackets,35.0,Used
2026_5,405,Western,Women Jackets,35.0,Used
2026_5,406,Western,Women Jackets,35.0,Used
2026_5,407,Western,Women Jackets,35.0,Used
2026_5,408,Western,Women Jackets,35.0,Used
2026_5,409,Western,Women Jackets,35.0,Used
2026_5,410,Western,Men Shirts,117.0,Used
2026_5,411,Western,Men Shirts,75.0,Used
2026_5,412,Western,Women Jackets,35.0,Used
2026_5,413,Western,Women Jackets,35.0,Used
2026_5,414,Western,Women Jackets,35.0,Used
2026_5,415,Western,Men Jackets,35.0,Used
2026_5,416,Western,Women Jackets,35.0,Used
2026_5,417,Western,Women Jackets,35.0,Used
2026_5,418,Western,Women Jackets,35.0,Used
2026_5,419,Western,Women Jackets,35.0,Used
2026_5,420,Western,Women Jackets,35.0,Used
2026_5,421,Bedding,Blankets/Comforters,3.0,New
2026_5,422,Bedding,Blankets/Comforters,3.0,New
2026_5,423,Bedding,Blankets/Comforters,5.0,New
2026_5,424,Western,Women Jackets,35.0,Used
2026_5,425,Western,Women Jackets,35.0,Used
2026_5,426,Western,Men Jackets,35.0,Used
2026_5,427,Western,Women Jackets,35.0,Used
2026_5,428,Western,Women Jackets,35.0,Used
2026_5,429,Western,Women Jackets,35.0,Used
2026_5,430,Western,Men Jackets,35.0,Used
2026_5,431,Western,Women Jackets,35.0,Used
2026_5,432,Western,Men Jackets,35.0,Used
2026_5,433,Western,Women Jackets,35.0,Used
2026_5,434,Western,Women Jackets,32.0,Used
2026_5,435,Western,Women Jackets,32.0,Used
2026_5,436,Western,Women Jackets,35.0,Used
2026_5,437,Western,Women Jackets,36.0,Used
2026_5,438,Western,Women Jackets,35.0,Used
2026_5,439,Western,Men Jackets,34.0,Used
2026_5,440,Western,Women Jackets,35.0,Used
2026_5,441,Asian,Women 3Pc Set,29.0,Used
2026_5,442,Western,Men Jackets,35.0,Used
2026_5,443,Western,Men Jackets,35.0,Used
2026_5,444,Western,Men Pants,50.0,Used
2026_5,445,Western,Women Jackets,35.0,Used
2026_5,446,Western,Women Jackets,35.0,Used
2026_5,447,Western,Women Jackets,35.0,Used
2026_5,448,Western,Women Jackets,35.0,Used
2026_5,449,Western,Men Jackets,23.0,Used
2026_5,450,Western,Women Jackets,35.0,Used
2026_5,451,Western,Women Jackets,35.0,Used
2026_5,452,Western,Women Jackets,35.0,Used
2026_5,453,Western,Women Jackets,35.0,Used
2026_5,454,Asian,Women Shirts,65.0,Used
2026_5,455,Western,Women Jackets,40.0,Used
2026_5,456,Western,Women Jackets,35.0,Used
2026_5,457,Western,Women Jackets,35.0,Used
2026_5,458,Western,Women Jackets,35.0,Used
2026_5,459,Western,Women Jackets,35.0,Used
2026_5,460,Western,Women Jackets,35.0,Used
2026_5,461,Western,Women Jackets,35.0,Used
2026_5,462,Western,Women Jackets,35.0,Used
2026_5,463,Western,Women Jackets,35.0,Used
2026_5,464,Western,Women Jackets,35.0,Used
2026_5,465,Western,Women Jackets,35.0,Used
2026_5,466,Western,Women Jackets,35.0,Used
2026_5,467,Western,Women Jackets,35.0,Used
2026_5,468,Western,Women Jackets,35.0,Used
2026_5,469,Bedding,Pillows,7.0,New
2026_5,470,Western,Men Jackets,35.0,Used
2026_5,471,Western,Men Jackets,35.0,Used
2026_5,472,Western,Women Jackets,35.0,Used
2026_5,473,Western,Women Jackets,35.0,Used
2026_5,474,Western,Women Jackets,35.0,Used
2026_5,475,Western,Women Jackets,35.0,Used
2026_5,476,Western,Women Jackets,35.0,Used
2026_5,477,Western,Women Jackets,35.0,Used
2026_5,478,Western,Women Jackets,35.0,Used
2026_5,479,Western,Women Jackets,35.0,Used
2026_5,480,Western,Women Jackets,35.0,Used
2026_5,481,Asian,Women Shirts,72.0,Used
2026_5,482,Western,Women Shirts,71.0,Used
2026_5,483,Western,Women Jackets,35.0,Used
2026_5,484,Western,Women Jackets,35.0,Used
2026_5,485,Western,Women Jackets,35.0,Used
2026_5,486,Western,Women Jackets,35.0,Used
2026_5,487,Accessories,Backpacks,23.0,Used
2026_5,488,Western,Women Jackets,35.0,Used
2026_5,489,Western,Women Jackets,35.0,Used
2026_5,490,Western,Men Shirts,80.0,Used
2026_5,491,Western,Men Pants,41.0,Used
2026_5,492,Western,Women Pants,63.0,Used
2026_5,493,Western,Women Jackets,35.0,Used
2026_5,494,Western,Women Jackets,35.0,Used
2026_5,495,Western,Women Jackets,35.0,Used
2026_5,496,Western,Women Jackets,35.0,Used
2026_5,497,Western,Women Jackets,35.0,Used
2026_5,498,Western,Women Jackets,35.0,Used
2026_5,499,Western,Women Jackets,35.0,Used
2026_5,500,Western,Women Jackets,35.0,Used
2026_5,501,Western,Women Jackets,35.0,Used
2026_5,502,Western,Women Jackets,35.0,Used
2026_5,503,Western,Women Pants,40.0,Used
2026_5,504,Western,Women Dresses,48.0,Used
2026_5,505,Hygiene,Adult Diapers,108.0,New
2026_5,506,Hygiene,Adult Diapers,120.0,New
2026_5,507,Hygiene,Adult Diapers,126.0,New
2026_5,508,Bedding,Bed Sheets,17.0,New
2026_5,509,Bedding,Bed Sheets,23.0,New
2026_5,510,Western,Women Jackets,35.0,Used
2026_5,511,Western,Men Shirts,57.0,Used
2026_5,512,Western,Men Jackets,35.0,Used
2026_5,513,Western,Men Jackets,35.0,Used
2026_5,514,Western,Men Jackets,35.0,Used
2026_5,515,Western,Men Jackets,35.0,Used
2026_5,516,Western,Men Jackets,35.0,Used
2026_5,517,Bedding,Blankets/Comforters,4.0,New
2026_5,518,Hygiene,Adult Diapers,120.0,New
2026_5,519,Bedding,Blankets/Comforters,5.0,New
2026_5,520,Western,Women Jackets,35.0,Used
2026_5,521,Bedding,Bed Sheets,17.0,New
2026_5,522,Western,Women Jackets,35.0,Used
2026_5,523,Asian,Men Set,29.0,Used
2026_5,524,Western,Men Jackets,35.0,Used
2026_5,525,Asian,Men Pants,72.0,Used
2026_5,526,Western,Men Jackets,35.0,Used
2026_5,527,Western,Men Jackets,35.0,Used
2026_5,528,Western,Men Jackets,35.0,Used
2026_5,553,Western,Men Jackets,25.0,Used
2026_5,554,Western,Men Jackets,20.0,Used
2026_5,555,Western,Men Jackets,20.0,Used
2026_5,556,Western,Men Pants,36.0,Used
2026_5,557,Western,Men Jackets,20.0,Used
2026_5,558,Asian,Women Bridal,27.0,Used
2026_5,559,Asian,Women Bridal,16.0,Used
2026_5,560,Western,Women Jackets,26.0,Used
2026_5,561,Asian,Women Shirts,56.0,Used
2026_5,562,Bedding,Curtains,24.0,New
2026_5,563,Western,Men Jackets,24.0,Used
2026_5,564,Western,Men Jackets,25.0,Used
2026_5,565,Western,Men Jackets,25.0,Used
2026_5,566,Western,Men Jackets,25.0,Used
2026_5,567,Western,Men Jackets,30.0,Used
2026_5,568,Western,Men Jackets,25.0,Used
2026_5,569,Western,Men Shirts,54.0,Used
2026_5,570,Western,Men Jackets,25.0,Used
2026_5,571,Western,Women Jackets,20.0,Used
2026_5,572,Western,Women Jackets,23.0,Used
2026_5,573,Western,Women Jackets,21.0,Used
2026_5,574,Asian,Women 3Pc Set,30.0,Used
2026_5,575,Western,Men Jackets,30.0,Used
2026_5,576,Western,Women Pants,42.0,Used
2026_5,577,Asian,Women Shirts,60.0,Used
2026_5,578,Asian,Women Shirts,30.0,Used
2026_5,579,Western,Men Jackets,25.0,Used
2026_5,580,Western,Men Jackets,25.0,Used
2026_5,581,Western,Women Shirts,50.0,Used
2026_5,582,Western,Men Jackets,25.0,Used
2026_5,583,Western,Men Jackets,25.0,Used
2026_5,584,Western,Men Jackets,25.0,Used
2026_5,585,Western,Men Jackets,25.0,Used
2026_5,586,Western,Men Jackets,25.0,Used
2026_5,587,Western,Women Jackets,30.0,Used
2026_5,588,Western,Men Jackets,25.0,Used
2026_5,589,Western,Men Jackets,25.0,Used
2026_5,590,Asian,Women Bridal,20.0,Used
2026_5,591,Asian,Women Abayas,40.0,Used
2026_5,592,Western,Men Jackets,25.0,Used
2026_5,593,Western,Men Jackets,25.0,Used
2026_5,594,Western,Women Dresses,50.0,Used
2026_5,595,Western,Men Jackets,25.0,Used
2026_5,596,Western,Men Jackets,25.0,Used
2026_5,597,Western,Women Jackets,30.0,Used
2026_5,598,Western,Women Jackets,36.0,Used
2026_5,599,Asian,Women Shirts,65.0,Used
2026_5,600,Western,Women Jackets,25.0,Used
2026_5,601,Western,Men Jackets,25.0,Used
2026_5,602,Western,Men Jackets,25.0,Used
2026_5,603,Western,Women Jackets,30.0,Used
2026_5,604,Bedding,Bed Sheets,14.0,New
2026_5,605,Western,Men Jackets,25.0,Used
2026_5,606,Western,Women Jackets,30.0,Used
2026_5,607,Western,Men Jackets,25.0,Used
2026_5,608,Western,Men Jackets,25.0,Used
2026_5,609,Western,Men Jackets,25.0,Used
2026_5,610,Western,Men Jackets,25.0,Used
2026_5,611,Western,Women Shirts,51.0,Used
2026_5,612,Western,Men Jackets,25.0,Used
2026_5,613,Western,Men Jackets,25.0,Used
2026_5,614,Western,Women Jackets,26.0,Used
2026_5,615,Western,Men Jackets,21.0,Used
2026_5,616,Western,Women Jackets,26.0,Used
2026_5,617,Western,Men Jackets,25.0,Used
2026_5,618,Western,Men Jackets,25.0,Used
2026_5,619,Western,Men Jackets,25.0,Used
2026_5,620,Western,Men Jackets,25.0,Used
2026_5,621,Western,Men Jackets,25.0,Used
2026_5,622,Western,Men Jackets,25.0,Used
2026_5,623,Western,Men Jackets,25.0,Used
2026_5,624,Western,Women Jackets,34.0,Used
2026_5,625,Western,Men Jackets,25.0,Used
2026_5,626,Western,Men Jackets,25.0,Used
2026_5,627,Western,Women Jackets,30.0,Used
2026_5,628,Western,Men Jackets,25.0,Used
2026_5,629,Western,Men Jackets,25.0,Used
2026_5,630,Western,Men Jackets,25.0,Used
2026_5,631,Western,Men Jackets,25.0,Used
2026_5,632,Western,Women Jackets,30.0,Used
2026_5,633,Western,Men Jackets,25.0,Used
2026_5,634,Western,Men Jackets,25.0,Used
2026_5,635,Western,Men Jackets,25.0,Used
2026_5,636,Western,Men Jackets,25.0,Used
2026_5,637,Asian,Women Pants,56.0,Used
2026_5,638,Children,Babies Under 3,110.0,New
2026_5,639,Western,Men Jackets,25.0,Used
2026_5,640,Western,Women Jackets,30.0,Used
2026_5,641,Western,Men Jackets,25.0,Used
2026_5,642,Western,Men Jackets,25.0,Used
2026_5,643,Western,Men Jackets,25.0,Used
2026_5,644,Western,Men Jackets,25.0,Used
2026_5,645,Western,Men Jackets,25.0,Used
2026_5,646,Western,Men Jackets,25.0,Used
2026_5,647,Western,Men Jackets,20.0,Used
2026_5,648,Asian,Women 2Pc Set,42.0,Used
2026_5,649,Asian,Women 3Pc Set,19.0,Used
2026_5,650,Asian,Women Shirts,65.0,Used
2026_2,206,Bedding,Pillows,9.0,New
2026_2,206,Bedding,Pillowcase,9.0,New
2026_2,209,Bedding,Pillows,15.0,New
2026_2,209,Bedding,Pillowcase,15.0,New
2026_2,557,Bedding,Pillows,5.0,New
2026_2,557,Bedding,Pillowcase,66.0,New
2026_4,59,Bedding,Pillows,3.0,New
2026_4,59,Bedding,4Pc Bed Set,7.0,New
2026_4,72,Bedding,6Pc Bed Set,6.0,New
2026_4,72,Bedding,4Pc Bed Set,7.0,New
2026_4,97,Bedding,Blankets/Comforters,2.0,New
2026_4,97,Bedding,4Pc Bed Set,1.0,New
2026_4,385,Asian,Women 2Pc Set,20.0,Used
2026_4,385,Bedding,Pillows,5.0,Used
2026_4,412,Bedding,Pillows,2.0,New
2026_4,412,Asian,Women 2Pc Set,18.0,Used
2026_4,415,Bedding,Pillows,5.0,New
2026_4,415,Asian,Men Set,14.0,Used
2026_4,416,Hygiene,Baby Diapers,282.0,New
2026_4,416,Hygiene,Adult Diapers,88.0,New
2026_4,417,Bedding,Pillows,3.0,New
2026_4,417,Asian,Women 3Pc Set,14.0,Used
2026_4,418,Bedding,Pillows,3.0,New
2026_4,418,Asian,Men Set,9.0,Used
2026_4,420,Bedding,Pillows,2.0,New
2026_4,420,Asian,Women Shirts,40.0,Used
2026_4,422,Bedding,Pillows,4.0,New
2026_4,422,Asian,Women 2Pc Set,2.0,Used
2026_4,426,Bedding,Pillows,4.0,New
2026_4,426,Asian,Women 3Pc Set,8.0,Used
2026_4,430,Bedding,Pillows,4.0,New
2026_4,430,Asian,Women 3Pc Set,9.0,Used
2026_4,431,Bedding,Pillows,3.0,New
2026_4,431,Asian,Women 3Pc Set,11.0,Used
2026_4,432,Bedding,Pillowcase,65.0,New
2026_4,432,Asian,Women 3Pc Set,6.0,Used
2026_4,435,Bedding,Pillows,6.0,New
2026_4,435,Asian,Women 2Pc Set,6.0,Used
2026_4,478,Bedding,4Pc Bed Set,5.0,New
2026_4,478,Bedding,3Pc Bed Set,3.0,New
2026_4,478,Bedding,Blankets/Comforters,2.0,New
2026_2,462,Hygiene,Adult Diapers,256.0,New
2026_3,199,Accessories,Belts,45.0,Used
2026_3,199,Accessories,Ties,23.0,Used
2026_3,199,Accessories,Mittens,12.0,Used
2026_3,199,Accessories,Hats,56.0,Used
